<PrivateImplementationDetails>+__StaticArrayInitTypeSize=27209	<PrivateImplementationDetails>+__StaticArrayInitTypeSize=29769
<PrivateImplementationDetails>+__StaticArrayInitTypeSize=27556	<PrivateImplementationDetails>+__StaticArrayInitTypeSize=31519
<PrivateImplementationDetails>+__StaticArrayInitTypeSize=28549	<PrivateImplementationDetails>+__StaticArrayInitTypeSize=29769
<PrivateImplementationDetails>+__StaticArrayInitTypeSize=29386	<PrivateImplementationDetails>+__StaticArrayInitTypeSize=31519
AeroData	KFPUIUZKQICGRWRA
AeroFormula+<>c__DisplayClass5_0	AeroFormula+OLEIDJBDGIK
AeroMesh	QATEOXDOEPJBJRWX
AeroMesh+<>c	QATEOXDOEPJBJRWX+<>c
AeroMesh+<>c__DisplayClass11_0	QATEOXDOEPJBJRWX+OPLGPMDIIBI
AeroMesh+<>c__DisplayClass11_1	QATEOXDOEPJBJRWX+NIELHOLKOCI
AeroMesh+<>c__DisplayClass13_0	QATEOXDOEPJBJRWX+JFOOIIFFCFA
AeroMesh+Data	QATEOXDOEPJBJRWX+HACMGPAHLHH
AndroidRestorePurchaseMenu	ZMXNRDUMCCQTPREA
ApplicationUtility	OIONJHNPCJF
ApplicationUtility+<>c__DisplayClass0_0	OIONJHNPCJF+EAIKICCOHEI
ApplicationUtility+<>c__DisplayClass5_0	OIONJHNPCJF+NOBHALECGCL
ApplicationUtility+<>c__DisplayClass6_0	OIONJHNPCJF+BDEJKFIAENL
Assets.Scripts.ForceIncludeSecurityLibraries	Assets.Scripts.QTVGYZDMBCRSHWES
Assets.Scripts.Utility.DictionaryUtils	HFLCEBKDEEL
AuthCallback	OOGFBGPKKPH
AutoDetachModule	XDHPMOEURAAQNWRV
AutoDetachModule+<>c__DisplayClass12_0	XDHPMOEURAAQNWRV+OELIJBEAFOI
BuildSelectMenu	AVGNVPEJXVMJOISB
BuildSelectMenu+<ResetScrollPosition>d__4	AVGNVPEJXVMJOISB+FPPOBNHAKGB
BuildVersionText	NQYZVHRKZWBGWMOU
BuildVersionText+<LoadVersionText>d__5	NQYZVHRKZWBGWMOU+DGCJHJLKKJF
BurnManager	GTUJLGEQJYJLAWBT
ButtonGroup	KJYICWGTDILOQZZF
ButtonGroup+<>c__DisplayClass6_0	KJYICWGTDILOQZZF+OABEOGNAMMI
ButtonGroup+<>c__DisplayClass7_0	KJYICWGTDILOQZZF+FLDOIONGOMG
CallbackAwaitable`1	FHBEIJJBHBC
CallbackAwaiter`1	DNIPBGHLMHD
CallbackAwaiter`1+<>c__DisplayClass8_0	DNIPBGHLMHD+JNHDFDEOHPF
CircleCommand	JOLKOGIADKL
Clipper2Lib.Active	NCKDKGPMBEK
Clipper2Lib.ClipType	CPHBNDBEEPA
Clipper2Lib.Clipper	FEAABKBNDMN
Clipper2Lib.Clipper64	NBFNLGIDCNL
Clipper2Lib.ClipperBase	EJHBLNOOENI
Clipper2Lib.ClipperBase+IntersectListSort	EJHBLNOOENI+BHPABCGBHDN
Clipper2Lib.ClipperD	OGJAEKALFIF
Clipper2Lib.ClipperEngine	JMFPFAGGABP
Clipper2Lib.ClipperLibException	GICDNAFNHHO
Clipper2Lib.ClipperOffset	GHHNDKCMEIN
Clipper2Lib.ClipperOffset+DeltaCallback64	GHHNDKCMEIN+LGCBDDHBFGH
Clipper2Lib.ClipperOffset+Group	GHHNDKCMEIN+DNPOMIKCJJA
Clipper2Lib.Delaunay	OCIBPOBBOPE
Clipper2Lib.Delaunay+<>c	OCIBPOBBOPE+<>c
Clipper2Lib.Edge	PPAEFHABFAD+HFEDHEKOBNA
Clipper2Lib.EdgeContainsResult	LLNMPMJLOAG
Clipper2Lib.EdgeKind	FDADALGJKGB
Clipper2Lib.EndType	HBICFHAHCEP
Clipper2Lib.FillRule	JCGLKIBGEHD
Clipper2Lib.HashCode	HELHJECIHPA
Clipper2Lib.HorzJoin	HDBPMAAEBCA
Clipper2Lib.HorzJoinPoolList	SFS.Parts.Modules.SmokeTrailModule
Clipper2Lib.HorzPosition	BJLLMHACENN
Clipper2Lib.HorzSegment	OHJIEDAPPOK
Clipper2Lib.InternalClipper	NIHGJJAKMOM
Clipper2Lib.InternalClipper+UInt128Struct	NIHGJJAKMOM+BDBGADIECJC
Clipper2Lib.IntersectKind	OMGJKOBMHBJ
Clipper2Lib.IntersectNode	HOGDFNGGLKN
Clipper2Lib.JoinType	HFGEFGMNBNL
Clipper2Lib.JoinWith	ABIPGJHPGIE
Clipper2Lib.LocMinSorter	HMAPEELGJDN
Clipper2Lib.LocalMinima	LJCLINEIGKO
Clipper2Lib.Minkowski	HHFIDKBAMPL
Clipper2Lib.OutPt	CCMCDAIAHIH
Clipper2Lib.OutPt2	IGBJEJEFIPN
Clipper2Lib.OutPtPoolList	BEACPOGCNBL
Clipper2Lib.OutRec	LMNPENJCADH
Clipper2Lib.OutRecPoolList	NGJFJMGMHGM
Clipper2Lib.Path64	BADAGIAMCJP
Clipper2Lib.PathD	DIKCIDINGLP
Clipper2Lib.PathD+<>c__DisplayClass3_0	DIKCIDINGLP+EJOGLNIMIIH
Clipper2Lib.Paths64	OBEIIABJHKI
Clipper2Lib.PathsD	JHNBOPLGBGK
Clipper2Lib.PathsD+<>c__DisplayClass3_0	JHNBOPLGBGK+FEMAIDGLBNJ
Clipper2Lib.Point64	GIBIPPPJHAL
Clipper2Lib.PointD	FLBJEAJCCDI
Clipper2Lib.PointInPolygonResult	PJAEBGFHEKA
Clipper2Lib.PolyPath64	OINHJMOILHE
Clipper2Lib.PolyPathBase	PGKJHLGKEKI
Clipper2Lib.PolyPathBase+NodeEnumerator	PGKJHLGKEKI+FAFINDOOJNO
Clipper2Lib.PolyPathD	CPFLBDDAMBE
Clipper2Lib.PolyTree64	JNJACABPKGD
Clipper2Lib.PolyTreeD	MFGJPBGMEAO
Clipper2Lib.PooledList`1	HMJLDKODGID
Clipper2Lib.PooledList`1+ListEnumerator`1	HMJLDKODGID+POMFDGDNIPP
Clipper2Lib.Rect64	MEPIEDMKEJK
Clipper2Lib.RectClip64	FKFJDEJLOFH
Clipper2Lib.RectClip64+Location	FKFJDEJLOFH+NKEAFMIKIKN
Clipper2Lib.RectClipLines64	GMPHNELKAMG
Clipper2Lib.RectD	LIHFLAEOPJB
Clipper2Lib.ReuseableDataContainer64	FGAJJECOCEN
Clipper2Lib.Triangle	GKNNFNNGJOP
Clipper2Lib.TriangulateResult	KOJIEMHJOEH
Clipper2Lib.Vertex	FJACGGEFJOP
Clipper2Lib.Vertex2	IFHMHFHHHOK
Clipper2Lib.VertexFlags	LCLEANANKJN
Clipper2Lib.VertexPoolList	FDGKLONANOG
ColorAnimation	YOWQROFMFBERBULI
CommunityPanel	TJBHNBJFKSWXRQXU
Component_Utility	KPDAIHFCFBN
Component_Utility+<>c__DisplayClass5_0`1	KPDAIHFCFBN+NPEACOPIKGK
CurvedMesh+<>c__DisplayClass4_0	CurvedMesh+NIMONCBHHFK
CurvedMesh+<>c__DisplayClass5_0	CurvedMesh+FLPIMOCINPE
DebugPacker	CGBMKPKGMFL
DebugPacker+<>c	CGBMKPKGMFL+<>c
DebugPacker+<>c__DisplayClass0_0	CGBMKPKGMFL+AEGCLFIPIFP
DebugPacker+<>c__DisplayClass1_0	CGBMKPKGMFL+OFMBEEFOJNL
DebugPacker+<>c__DisplayClass1_1	CGBMKPKGMFL+LMLCFJMCJEF
DeeplinkManager	LUHSMCCZIGOBHAWL
DeeplinkManager+<>c	LUHSMCCZIGOBHAWL+<>c
DeeplinkManager+<>c__DisplayClass6_0	LUHSMCCZIGOBHAWL+ADKMPFFCLJH
DeeplinkManager+<>c__DisplayClass6_1	LUHSMCCZIGOBHAWL+PHCHFPBIDGM
DeeplinkManager+<>c__DisplayClass7_0	LUHSMCCZIGOBHAWL+DKNHEDOLFJL
DevSettings	EFJTAUCLRIWKAJXL
DisableAtStart	ZNJFWLZLZLUANQEV
ErrorLogger	WUNVRFKSEGJCJGWL
ErrorLogger+<LogLoop>d__7	WUNVRFKSEGJCJGWL+BPPBAFFIFEA
FXAA	LDSYSMUMDHBRLMZL
FastLinq	IICKJFBPOLN
FbAuth+<>c__DisplayClass6_0	FbAuth+EFAABBMKOEM
FbAuth+<>c__DisplayClass6_1	FbAuth+PKCNHIHDPBO
FileLocations	FHEKAHJEOAM
Firebase.Internal.FirebaseInterops	BIBADKFELLH
Firebase.Internal.FirebaseInterops+<>c	BIBADKFELLH+<>c
Firebase.Internal.FirebaseInterops+<AddFirebaseTokensAsync>d__26	BIBADKFELLH+ODLLKHLIFGA
Firebase.Internal.FirebaseInterops+<AddFirebaseTokensAsync>d__27	BIBADKFELLH+HCKBGPMDDGI
Firebase.Internal.FirebaseInterops+<GetAppCheckTokenAsync>d__23	BIBADKFELLH+KILBBPPBMPP
Firebase.Internal.FirebaseInterops+<GetAuthTokenAsync>d__25	BIBADKFELLH+KPAICCIEDAP
Firebase.Internal.HttpHelpers	FIGDIPFMPAL
Firebase.Internal.HttpHelpers+<SetRequestHeaders>d__0	FIGDIPFMPAL+KBEPOBNNHKF
Firebase.Internal.HttpHelpers+<ValidateHttpResponse>d__1	FIGDIPFMPAL+KJAGILCEJEJ
Firebase.Internal.HttpRequestExceptionExtensions	GGGODENKPJI
FirebaseUtility	QUXEDEXGQUKFTYVQ
GLDrawer	MOZNHJBRMOLMKXVG
GPGSIds	OCDHFLHEMKM
GifDecoder	GBFLLFJAMEP
GifDecoder+GifFrame	GBFLLFJAMEP+EPPNJIAPANL
GifDecoder+Status	GBFLLFJAMEP+LNHLKDILCAI
GravityTurnDrawer	YKOIPFPWLEVINDXT
INJECTED_BUILD_ID	EJOBEFENOEN
I_GLDrawer	CBHCIGBCDDL
I_InitializePartModule	BAMGEBOMDHC
InterplanetaryModule.BalloonModule	InterplanetaryModule.JYKFMWGEBFNBRVYM
InterplanetaryModule.FlapModule	InterplanetaryModule.XTFZRYMOSYHKQTFA
InterplanetaryModule.GravityRingModule	InterplanetaryModule.CXCXWLUOWGSZOGMJ
InterplanetaryModule.RepeatMoveModule	InterplanetaryModule.WKGDUDNDSXUXSSEJ
InterplanetaryModule.SurfaceShadingModule	InterplanetaryModule.DWNHECCMHFRGNHJG
Kepler	GDHKEGNIPFL
LLMComment	DPKJMADPHOD
LLMCommentShorten	LJHCAEEEKPB
LayoutUtility	BNEPALDAJFA
LineCommand	PMGOBMALMIP
ListUtility	BNLGPGBJAAF
ListUtility+<>c__DisplayClass2_0`1	BNLGPGBJAAF+OKHICHDJFKL
MainThread	EQZONRWYRIESFBJA
Math_Utility	NEHCMKKMCKP
Matrix2x2	GEGLLEKEEJE
Matrix2x2_Double	HEDJFBKIPOE
ModLoader.AssetPackMod	GEPGHMIJPEJ
ModLoader.AssetPackMod+<>c	GEPGHMIJPEJ+<>c
ModLoader.AssetPackMod+<>c__DisplayClass7_0	GEPGHMIJPEJ+KJEENHPPOIO
ModLoader.AssetPackMod+<Load>d__7	GEPGHMIJPEJ+HPMKNNCCFMH
ModLoader.Helpers.SceneHelper	JIGKCBEMDIH
ModLoader.IMod	HBPMOPAHHGA
ModLoader.IO.Console	ModLoader.IO.GNEJFUQQDMHNSCQM
ModLoader.IO.Console+<>c	ModLoader.IO.GNEJFUQQDMHNSCQM+<>c
ModLoader.IUnloadableMod	HJMEDDPGPFA
ModLoader.Loader	ModLoader.DABQGGQEYTYHURAO
ModLoader.Loader+<>c	ModLoader.DABQGGQEYTYHURAO+<>c
ModLoader.Loader+<>c__DisplayClass12_0	ModLoader.DABQGGQEYTYHURAO+KAPDOBGLIFJ
ModLoader.Loader+<>c__DisplayClass8_0	ModLoader.DABQGGQEYTYHURAO+PADEMGDOCBE
ModLoader.Loader+<>c__DisplayClass9_0	ModLoader.DABQGGQEYTYHURAO+NKIBODACACE
ModLoader.Mod	KBNNHJKKEPB
ModLoader.ModKeybindings	LDGKAMKOIMJ
ModLoader.ModLoader	ModLoader.OCYOZXHFIGZNXEEJ
ModLoader.ModsSettings	ModLoader.LLBZJPAOXQXTQMXG
ModLoader.ModsSettings+Data	ModLoader.LLBZJPAOXQXTQMXG+Data
ModLoader.TexturePackMod	BBGHMLCGLJA
ModLoader.UI.ModLoadingProgress	ModLoader.UI.XWACFHLYTUFERMZV
ModLoader.UI.ModLoadingProgress+<UpdateText>d__3	ModLoader.UI.XWACFHLYTUFERMZV+ANNJGEFLOEO
ModLoader.UI.ModsListElement	ModLoader.UI.KSZTGZXSKVQUALRE
ModLoader.UI.ModsListElement+<>c__DisplayClass10_0	ModLoader.UI.KSZTGZXSKVQUALRE+EOPJBMFAHID
ModLoader.UI.ModsListElement+ModData	ModLoader.UI.KSZTGZXSKVQUALRE+ModData
ModLoader.UI.ModsListElement+ModType	ModLoader.UI.KSZTGZXSKVQUALRE+ModType
ModLoader.UI.ModsMenu	ModLoader.UI.IPCAAZWJQPVRRNNH
ModLoader.UI.ModsMenu+<>c	ModLoader.UI.IPCAAZWJQPVRRNNH+<>c
MonoBehaviourCached	CJPEHRILYAWISMEI
MyScaleToFit	BRKNSTQDFPTZGTTK
Notifications.NotificationUtilities	HNDJDHNGCJI
ObservableMonoBehaviour	EQUGNZIPDOHJHCTD
OnFrameEnd	YQJLVNPPENTVVKBN
OpenTracker	JOMHKAEJBBF
OpenTracker+<>c	JOMHKAEJBBF+<>c
OptionalDelegate`1	DFNANPMBKBP
PackDisplay	QPBNFQGOOTKWLSQK
PackDisplay+<>c	QPBNFQGOOTKWLSQK+ENFBCDCAOOJ
PackDisplay+<>c__DisplayClass23_0	QPBNFQGOOTKWLSQK+ENFBCDCAOOJ
PackDisplay+DisplayPart	QPBNFQGOOTKWLSQK+DisplayPart
PartIconCreator	JIBVYFBVOYQJKXES
PartIconCreator+<>c	JIBVYFBVOYQJKXES+<>c
PartShopIcon	QORMTFZHTLLIIMMA
Parts.PartVisualizer	Parts.CURSWTPCTGCIRZUO
Parts.PartVisualizer+ViewMode	Parts.CURSWTPCTGCIRZUO+ViewMode
Parts.Transform.CraftFlipModule	Parts.Transform.OVYQUWGCNSBQMWZH
PolygonPartioner	LNCDGNELOPJ
PolygonPartioner+VertexWorkSet	LNCDGNELOPJ+JKCANFECPDK
Pool`1	EOAMAMOEGHJ
PopupAnimation	XCFEUONCDYTKGXVL
PopupManager	UAFXHNHJBNBZFKNA
PopupManager+Feature	UAFXHNHJBNBZFKNA+EALKDCKMHLJ
PopupManager+FeatureTracker	UAFXHNHJBNBZFKNA+FeatureTracker
PopupManager+Popup	UAFXHNHJBNBZFKNA+Popup
PopupManager+State	UAFXHNHJBNBZFKNA+State
RequireFullSwitchImplementationAttribute	NCKDKGPMBEK
ResourcesLoader	QFZCTGGXXPWQLBZL
ResourcesLoader+<>c__10`1	QFZCTGGXXPWQLBZL+<>c__10`1
ResourcesLoader+ButtonIcons	QFZCTGGXXPWQLBZL+ButtonIcons
ResourcesLoader+ChallengeIcons	QFZCTGGXXPWQLBZL+ChallengeIcons
RotationController	LEZLYSZCCTJAYPZB
SDAnimatedImage	YKFPIDYHRDFHQAYQ
SDAnimatedImage+<>c	YKFPIDYHRDFHQAYQ+<>c
SDAnimatedImage+<>c__DisplayClass67_0	YKFPIDYHRDFHQAYQ+CNAONGGBFPE
SDAnimatedImage+LoadingIndicatorType	YKFPIDYHRDFHQAYQ+MOKGAFJAGGA
SDAnimatedImage+OnDecodingErrorAction	YKFPIDYHRDFHQAYQ+AICDDMGDICB
SDAnimatedImage+OnImageSizeReadyAction	YKFPIDYHRDFHQAYQ+NEIBAHEBKHG
SDAnimatedImage+OnLoadingErrorAction	YKFPIDYHRDFHQAYQ+DJMJILAPBCO
SDAnimatedImage+State	YKFPIDYHRDFHQAYQ+KLNKAOJCGAB
SDImageCache	MDORTJVBCWZXHLFN
SDImageCache+<>c	MDORTJVBCWZXHLFN+<>c
SDImageCache+<>c__DisplayClass7_0	MDORTJVBCWZXHLFN+MDLHBPGPAEK
SDImageCache+<>c__DisplayClass7_1	MDORTJVBCWZXHLFN+KNNAPFPDINI
SDImageCache+<>c__DisplayClass8_0	MDORTJVBCWZXHLFN+GAJEMGHBHCA
SDImageCache+<>c__DisplayClass9_0	MDORTJVBCWZXHLFN+FLGJDCJOKCP
SDWebImage	WTKEHKRFZKJTYVMD
SDWebImage+<>c	WTKEHKRFZKJTYVMD+<>c
SDWebImage+<>c__DisplayClass35_0	WTKEHKRFZKJTYVMD+OPFIFCLGDAD
SDWebImage+LoadingIndicatorType	WTKEHKRFZKJTYVMD+AJHLJBKAHKE
SDWebImage+OnImageSizeReadyAction	WTKEHKRFZKJTYVMD+GILLEHNIPPF
SDWebImage+OnLoadingErrorAction	WTKEHKRFZKJTYVMD+JDCFEJDNANG
SDWebImageDownloader	NMZHTLSGGZFBJHIA
SDWebImageDownloader+<>c	NMZHTLSGGZFBJHIA+<>c
SDWebImageDownloader+<>c__DisplayClass2_0	NMZHTLSGGZFBJHIA+EGCBPAFGCFO
SDWebImageDownloader+<>c__DisplayClass3_0	NMZHTLSGGZFBJHIA+PCEKLFABODM
SDWebImageDownloader+<>c__DisplayClass6_0	NMZHTLSGGZFBJHIA+HEMFLDHLHLP
SDWebImageDownloader+<InternalDownloadImageWithURL>d__3	NMZHTLSGGZFBJHIA+JHNIIMLNMMJ
SDWebImageDownloader+<TrackDownloadProgress>d__4	NMZHTLSGGZFBJHIA+KNHILEIHOHL
SDWebImageDownloaderError	ANDBKFHOABI
SDWebImageDownloaderError+ErrorType	ANDBKFHOABI+BAECOKJHEOO
SDWebImageDownloaderOperation	ICEIABPCIGF
SDWebImageManager	PWSZAUTUIGEFHTDE
SDWebImageManager+<>c__DisplayClass2_0	PWSZAUTUIGEFHTDE+FHMIPAGAAFF
SDWebImageOptions	CKDCAPDBEAI
SFS.Analytics.AnalyticsUtility	CIMBDKLBFPO
SFS.Analytics.AnalyticsUtility+<>c	CIMBDKLBFPO+<>c
SFS.Analytics.AnalyticsUtility+<>c__DisplayClass3_0	CIMBDKLBFPO+FAJMALJHJLM
SFS.Analytics.AnalyticsUtility+<>c__DisplayClass4_0	CIMBDKLBFPO+FAJMALJHJLM
SFS.Analytics.FbRemoteSettings	SFS.Analytics.SUHGKYPIYWOSLADV
SFS.Analytics.FbRemoteSettings+<>c	SFS.Analytics.SUHGKYPIYWOSLADV+<>c
SFS.Audio.AudioSettings	SFS.Audio.UNHXLSAXJKMBQDKF
SFS.Audio.AudioSettings+Data	SFS.Audio.UNHXLSAXJKMBQDKF+Data
SFS.Audio.MusicPlaylist+OnEnd	SFS.Audio.MusicPlaylist+FIIBEABNDEF
SFS.Audio.MusicPlaylist+OnStart	SFS.Audio.MusicPlaylist+LKMFCHNMEFD
SFS.Audio.MusicPlaylistPlayer	SFS.Audio.VETOFJACPLUQHIMT
SFS.Audio.MusicTrack+OnTrackEnd	SFS.Audio.MusicTrack+BACCDDGJCHE
SFS.Audio.PlayingSoundEffect2D	GCOBNGHGEPL
SFS.Audio.PlayingSoundEffect3D	KPIFADOABHN
SFS.Audio.PlayingSoundEffect3D+<>c	KPIFADOABHN+<>c
SFS.Audio.SoundPlayer	SFS.Audio.PNYJLYOHEBGOZCIW
SFS.Base	MKJGLEBBOOI
SFS.BaseAssigner	SFS.FADRXJGMBVYWNRTC
SFS.Builds.AreaSelect	SFS.Builds.XJMAFUOSKXXNNFTW
SFS.Builds.AreaSelect+<>c	SFS.Builds.XJMAFUOSKXXNNFTW+<>c
SFS.Builds.AreaSelect+<>c__DisplayClass15_0	SFS.Builds.XJMAFUOSKXXNNFTW+GILEKJPNCEC
SFS.Builds.Blueprint_Saving	GNDNAMPPNMB
SFS.Builds.Blueprint_Saving+<>c	GNDNAMPPNMB+<>c
SFS.Builds.Blueprint_Saving+<>c__DisplayClass6_0	GNDNAMPPNMB+ILCELGMHGIN
SFS.Builds.Blueprint_Saving+<>c__DisplayClass6_1	GNDNAMPPNMB+GGACIMMKLCJ
SFS.Builds.Blueprint_Saving+<>c__DisplayClass9_0	GNDNAMPPNMB+DLNAGHGLJON
SFS.Builds.BuildCamera	SFS.Builds.EGLZOIKLDVBWLEMB
SFS.Builds.BuildGrid	SFS.Builds.ZUSHUKXWDWSMTCFL
SFS.Builds.BuildGrid+<>c	SFS.Builds.ZUSHUKXWDWSMTCFL+<>c
SFS.Builds.BuildGrid+<>c__DisplayClass12_0	SFS.Builds.ZUSHUKXWDWSMTCFL+IENPKCIINJA
SFS.Builds.BuildGrid+<>c__DisplayClass12_1	SFS.Builds.ZUSHUKXWDWSMTCFL+LEIPLAMNBIO
SFS.Builds.BuildGrid+<>c__DisplayClass14_0	SFS.Builds.ZUSHUKXWDWSMTCFL+FNICHMOFLOO
SFS.Builds.BuildGrid+<>c__DisplayClass17_0	SFS.Builds.ZUSHUKXWDWSMTCFL+HFPGDGGCFDA
SFS.Builds.BuildGrid+<>c__DisplayClass8_0	SFS.Builds.ZUSHUKXWDWSMTCFL+ENHAPNJKEBL
SFS.Builds.BuildGrid+PartCollider	SFS.Builds.ZUSHUKXWDWSMTCFL+JFOEADLCFFJ
SFS.Builds.BuildManager	SFS.Builds.MBPVNCHFPHRMBHMW
SFS.Builds.BuildManager+<>c	SFS.Builds.MBPVNCHFPHRMBHMW+<>c
SFS.Builds.BuildManager+<>c__DisplayClass33_0	SFS.Builds.MBPVNCHFPHRMBHMW+GMFAHPPBHOH
SFS.Builds.BuildManager+<>c__DisplayClass49_0	SFS.Builds.MBPVNCHFPHRMBHMW+FDDGKINEOEF
SFS.Builds.BuildManager+ExampleRocket	SFS.Builds.MBPVNCHFPHRMBHMW+ExampleRocket
SFS.Builds.BuildMenus	SFS.Builds.BWGDMFIOERXMIRLU
SFS.Builds.BuildMenus+<>c	SFS.Builds.BWGDMFIOERXMIRLU+<>c
SFS.Builds.BuildOrientation	SFS.Builds.OQINTWGYLAGEQYBT
SFS.Builds.BuildOrientation+<>c__DisplayClass10_0	SFS.Builds.OQINTWGYLAGEQYBT+LKPNMCCLGFC
SFS.Builds.BuildSelector	SFS.Builds.GUWIETYQGHMHNREY
SFS.Builds.BuildState	SFS.Builds.QBGQFCTAOOXFGUUR
SFS.Builds.BuildState+<>c	SFS.Builds.QBGQFCTAOOXFGUUR+<>c
SFS.Builds.BuildStatsDrawer	SFS.Builds.AWZJJVNLNRKVIRBM
SFS.Builds.BuildStatsDrawer+<>c	SFS.Builds.AWZJJVNLNRKVIRBM+<>c
SFS.Builds.BuildStatsDrawer+<>c__DisplayClass15_0	SFS.Builds.AWZJJVNLNRKVIRBM+NOEMBHBFAJL
SFS.Builds.BuildStatsDrawer+<>c__DisplayClass15_1	SFS.Builds.AWZJJVNLNRKVIRBM+OHCGPHHENFK
SFS.Builds.ExpandMenu	SFS.Builds.YUUNKQKAVNLVLMSZ
SFS.Builds.GridSize	SFS.Builds.ZXVSIJAFHSQSJCVQ
SFS.Builds.HoldGrid	SFS.Builds.SHGHQPDMFGKLZXLQ
SFS.Builds.HoldGrid+<>c	SFS.Builds.SHGHQPDMFGKLZXLQ+<>c
SFS.Builds.HoldGrid+<>c__DisplayClass23_0	SFS.Builds.SHGHQPDMFGKLZXLQ+FHPHGDEOIAJ
SFS.Builds.HoldGrid+<>c__DisplayClass25_0	SFS.Builds.SHGHQPDMFGKLZXLQ+DMODJKOIHBB
SFS.Builds.HoldGrid+<>c__DisplayClass26_0	SFS.Builds.SHGHQPDMFGKLZXLQ+BDCLIBFIIIB
SFS.Builds.HoldGrid+<>c__DisplayClass32_0	SFS.Builds.SHGHQPDMFGKLZXLQ+FMKCICLFHBD
SFS.Builds.HoldGrid+<>c__DisplayClass38_0	SFS.Builds.SHGHQPDMFGKLZXLQ+JLEEHOCFOHE
SFS.Builds.HoldGrid+<>c__DisplayClass39_0	SFS.Builds.SHGHQPDMFGKLZXLQ+NGIOEHPNDBE
SFS.Builds.HoldGrid+<>c__DisplayClass41_0	SFS.Builds.SHGHQPDMFGKLZXLQ+DEMNIHIMPKE
SFS.Builds.HoldGrid+Data	SFS.Builds.SHGHQPDMFGKLZXLQ+KFIDCCMOIEN
SFS.Builds.HoldGrid+GridPointData	SFS.Builds.SHGHQPDMFGKLZXLQ+OMPONEGNFFO
SFS.Builds.PartGizmos	SFS.Builds.MVNXJTFBIVDVLTAY
SFS.Builds.PartGizmos+<>c	SFS.Builds.MVNXJTFBIVDVLTAY+<>c
SFS.Builds.PartGizmos+<>c__DisplayClass51_0	SFS.Builds.MVNXJTFBIVDVLTAY+MCFJIFKGHKI
SFS.Builds.PartGizmos+<>c__DisplayClass55_0	SFS.Builds.MVNXJTFBIVDVLTAY+NAKOEHLMHEA
SFS.Builds.PartGizmos+OpenMode	SFS.Builds.MVNXJTFBIVDVLTAY+FHODDNLEGDH
SFS.Builds.PartGrid	SFS.Builds.WZLAWNXEGWDQGTIB
SFS.Builds.PickCategoriesMenu	SFS.Builds.SASCWCMCRJAIGOKH
SFS.Builds.PickCategoriesMenu+<>c	SFS.Builds.SASCWCMCRJAIGOKH+<>c
SFS.Builds.PickCategoriesMenu+<>c__DisplayClass12_0	SFS.Builds.SASCWCMCRJAIGOKH+LMDKJHENPMF
SFS.Builds.PickCategoryUI	SFS.Builds.UJTQWUMZNCHMVDEZ
SFS.Builds.PickGridIcon	SFS.Builds.WCWWPCNJZSJWAUJE
SFS.Builds.PickGridPositioner	SFS.Builds.YOIQXWQLEGJZKNYW
SFS.Builds.PickGridUI	SFS.Builds.QRTEIACJDBPNOUDM
SFS.Builds.PickGridUI+<>c	SFS.Builds.QRTEIACJDBPNOUDM+<>c
SFS.Builds.PickGridUI+<>c__DisplayClass15_0	SFS.Builds.QRTEIACJDBPNOUDM+KMLADEGCLFI
SFS.Builds.PickGridUI+<>c__DisplayClass18_0	SFS.Builds.QRTEIACJDBPNOUDM+CBKFAJFOMAB
SFS.Builds.PickGridUI+CategoryParts	SFS.Builds.QRTEIACJDBPNOUDM+CategoryParts
SFS.Builds.SkinMenu	SFS.Builds.WOKPRZXFBSZQKCDL
SFS.Builds.SkinMenu+<>c	SFS.Builds.WOKPRZXFBSZQKCDL+<>c
SFS.Builds.SkinMenu+<>c__DisplayClass10_0	SFS.Builds.WOKPRZXFBSZQKCDL+OBEGMCOIGPM
SFS.Builds.SkinMenu+<>c__DisplayClass10_1	SFS.Builds.WOKPRZXFBSZQKCDL+MMINCJKKNHI
SFS.Builds.SkinMenu+<>c__DisplayClass8_0	SFS.Builds.WOKPRZXFBSZQKCDL+OHKKAOFOJNE
SFS.Builds.SkinMenuButton	SFS.Builds.TOCEKUJQBQUOMQMR
SFS.Builds.UIDepthSorted	SFS.Builds.ECLJXDJANBQOAHET
SFS.Builds.Undo	SFS.Builds.CSQYKXHEJRVNUMZV
SFS.Builds.Undo+<>c	SFS.Builds.CSQYKXHEJRVNUMZV+<>c
SFS.Builds.Undo+<>c__DisplayClass13_0	SFS.Builds.CSQYKXHEJRVNUMZV+JHLNDFIDIPO
SFS.Builds.Undo+ActionBase	SFS.Builds.CSQYKXHEJRVNUMZV+ActionBase
SFS.Builds.Undo+AddPart	SFS.Builds.CSQYKXHEJRVNUMZV+AddPart
SFS.Builds.Undo+AddPartToStage	SFS.Builds.CSQYKXHEJRVNUMZV+AddPartToStage
SFS.Builds.Undo+AddStage	SFS.Builds.CSQYKXHEJRVNUMZV+AddStage
SFS.Builds.Undo+GridType	SFS.Builds.CSQYKXHEJRVNUMZV+JJHGEDFPKGE
SFS.Builds.Undo+OtherAction	SFS.Builds.CSQYKXHEJRVNUMZV+OtherAction
SFS.Builds.Undo+OtherAction+Type	SFS.Builds.CSQYKXHEJRVNUMZV+OtherAction+JNCPADJEBKC
SFS.Builds.Undo+Step	SFS.Builds.CSQYKXHEJRVNUMZV+Step
SFS.CameraRotator	SFS.JVHJLNHNJDXGZTSF
SFS.Cameras.ActiveCamera	SFS.Cameras.ITRKXSUYIJDTUYAP
SFS.Cameras.CameraManager	SFS.Cameras.FTAFWJXYOIIAXNNH
SFS.Cameras.RotateToCamera	SFS.Cameras.AGDUSYOOOPIUZPAD
SFS.Career.AllowPerMode	SFS.Career.EICIVXFSMGEIPUUY
SFS.Career.AstronautState	SFS.Career.KRXPOKWMTHFBNGYN
SFS.Career.AstronautState+<>c	SFS.Career.KRXPOKWMTHFBNGYN+<>c
SFS.Career.AstronautState+<>c__DisplayClass10_0	SFS.Career.KRXPOKWMTHFBNGYN+BAJLKHDFDOC
SFS.Career.AstronautState+<>c__DisplayClass12_0	SFS.Career.KRXPOKWMTHFBNGYN+BMOAOAFJBJL
SFS.Career.AstronautState+<>c__DisplayClass15_0	SFS.Career.KRXPOKWMTHFBNGYN+GFPKADHPADM
SFS.Career.AstronautState+<>c__DisplayClass8_0	SFS.Career.KRXPOKWMTHFBNGYN+NEDNLIJAEFC
SFS.Career.AstronautState+State	SFS.Career.KRXPOKWMTHFBNGYN+KLGFDEFAAOA
SFS.Career.CareerState	SFS.Career.RTYJWDBLNUVUGBCR
SFS.Career.CareerState+<>c	SFS.Career.RTYJWDBLNUVUGBCR+<>c
SFS.Career.CareerState+<>c__DisplayClass15_0	SFS.Career.RTYJWDBLNUVUGBCR+BEDLGBNDNIJ
SFS.Career.HubManager	SFS.Career.MIXTUGFSDZFYRWJB
SFS.Career.HubManager+<>c	SFS.Career.MIXTUGFSDZFYRWJB+<>c
SFS.Career.HubManager+<>c__DisplayClass24_0	SFS.Career.MIXTUGFSDZFYRWJB+KFLGFDKDDMJ
SFS.Career.HubManager+<>c__DisplayClass26_0	SFS.Career.MIXTUGFSDZFYRWJB+CBOOIPEOGHI
SFS.Career.HubManager+<>c__DisplayClass26_1	SFS.Career.MIXTUGFSDZFYRWJB+DHDACCMEMBC
SFS.Career.HubManager+<>c__DisplayClass37_0	SFS.Career.MIXTUGFSDZFYRWJB+OJEDGMGDPFA
SFS.Career.HubView	SFS.Career.OSLBXCLBWHNHHFKB
SFS.Career.I_TechTreeData	BNFOKPOHHJM
SFS.Career.TT_Builder	SFS.Career.YGQEGUOBETGUTOWW
SFS.Career.TT_Builder+<>c	SFS.Career.YGQEGUOBETGUTOWW+<>c
SFS.Career.TT_Builder+<>c__DisplayClass5_0	SFS.Career.YGQEGUOBETGUTOWW+JNHKJPEHOFO
SFS.Career.TT_Builder+<>c__DisplayClass5_1	SFS.Career.YGQEGUOBETGUTOWW+DOHKHGIAKME
SFS.Career.TT_Builder+TT_Element	SFS.Career.YGQEGUOBETGUTOWW+TT_Element
SFS.Career.TT_Creator	SFS.Career.HMCINAUIBQPZLNTL
SFS.Career.TT_Creator+<>c__DisplayClass10_0	SFS.Career.HMCINAUIBQPZLNTL+IKAMODPAGEJ
SFS.Career.TT_Creator+<>c__DisplayClass9_0	SFS.Career.HMCINAUIBQPZLNTL+DFNLJHHMEDH
SFS.Career.TT_Creator+<>c__DisplayClass9_1	SFS.Career.HMCINAUIBQPZLNTL+MPCHHNCABFL
SFS.Career.TT_Creator+<>c__DisplayClass9_2	SFS.Career.HMCINAUIBQPZLNTL+DDINHMNIIGL
SFS.Career.TT_Creator+<>c__DisplayClass9_3	SFS.Career.HMCINAUIBQPZLNTL+KLDBGHMHEBJ
SFS.Career.TT_Creator+<>c__DisplayClass9_4	SFS.Career.HMCINAUIBQPZLNTL+JEGEAKJIPAG
SFS.Career.TT_Creator+<>c__DisplayClass9_5	SFS.Career.HMCINAUIBQPZLNTL+IIGGFCIIKFP
SFS.Career.TT_Creator+<>c__DisplayClass9_6	SFS.Career.HMCINAUIBQPZLNTL+MIHGIHDEHNP
SFS.Career.TT_Info	SFS.Career.ICOEMYPIIFETKVDU
SFS.Career.TT_InfoData	SFS.Career.EFSSXVLJQDGKJTGY
SFS.Career.TT_PartPackData	SFS.Career.WNCFXBSFPSWRTPVK
SFS.Career.TT_Parts	SFS.Career.BTSEIEDBQEVGWICC
SFS.Career.TT_Parts+<>c	SFS.Career.BTSEIEDBQEVGWICC+<>c
SFS.Career.TT_Parts+<>c__DisplayClass7_0	SFS.Career.BTSEIEDBQEVGWICC+HGDKPBDLMCC
SFS.Career.TT_Parts+<>c__DisplayClass7_1	SFS.Career.BTSEIEDBQEVGWICC+IJOKPCADHNI
SFS.Career.TT_Upgrade	SFS.Career.VTOCPQJAUILUSJAE
SFS.Career.TT_UpgradeData	SFS.Career.HJVZHRHDHNKUCIYV
SFS.Career.TechTreeData_Static	JFNKFCGIABG
SFS.Career.TreeComponent	SFS.Career.JUNXXSBGKEFCTJEP
SFS.Career.TreeComponent+<DeselectAnimation>d__13	SFS.Career.JUNXXSBGKEFCTJEP+NPKJGEOBMHM
SFS.Career.TreeComponent+<SelectAnimation>d__12	SFS.Career.JUNXXSBGKEFCTJEP+BKNHEIELEMH
SFS.Career.TreeComponent+Root	SFS.Career.JUNXXSBGKEFCTJEP+Root
SFS.ConvexPolygon	AMGBAMLLMNK
SFS.Core.ActionQueue	SFS.Core.INIMSGURVHQCCJPC
SFS.Core.ActionQueue+<>c__DisplayClass5_0	SFS.Core.INIMSGURVHQCCJPC+PDFAFCMGGHJ
SFS.Core.ActionQueue+<>c__DisplayClass7_0	SFS.Core.INIMSGURVHQCCJPC+PDFAFCMGGHJ
SFS.Core.Encryptor	OHEAGHAGNPG
SFS.Core.Links	DGEKIFKCDEL
SFS.Core.SecurePlayerPrefs	EJPBIBJPDHG
SFS.Core.SecurityMode	NCDAPPBGOJH
SFS.FOV_Sync	SFS.SUGVBQKDAFUNODVS
SFS.IO.BasePath	HKKMMDLHGLN
SFS.IO.DisableSavingReceiver	SFS.IO.UZZUHWVZSYHCZWII
SFS.IO.FilePath	HIOKLMDOGNN
SFS.IO.FilePath+<>c__DisplayClass7_0	HIOKLMDOGNN+LPMFLGLDCIO
SFS.IO.FilePath+<>c__DisplayClass8_0	HIOKLMDOGNN+ONLEKCPDPAK
SFS.IO.FolderPath	JPMJDKALINP
SFS.IO.FolderPath+<EnumerateContents>d__16	JPMJDKALINP+IBCEMENIPAE
SFS.IO.FolderPath+<EnumerateContentsRecursively>d__17	JPMJDKALINP+JKKOPECLEDN
SFS.IO.FolderPath+<GetFilesInFolder>d__14	JPMJDKALINP+CKPPLLNFLCN
SFS.IO.FolderPath+<GetFoldersInFolder>d__15	JPMJDKALINP+HNMCPJHEKKP
SFS.IO.OrderedPathList	HGBMLDHONBF
SFS.IO.OrderedPathList+<>c	HGBMLDHONBF+<>c
SFS.IO.OrderedPathList+<>c__DisplayClass7_0	HGBMLDHONBF+GJGJHLOLFDA
SFS.IO.PathUtility	KJHAMLBPKID
SFS.IO.PathUtility+<>c	KJHAMLBPKID+<>c
SFS.IO.SettingsBase`1	SFS.IO.OBBCFOFZQHFVTUGW`1
SFS.I_MsgLogger	BAIBFOFKCJH
SFS.Input.Axis	OALPEPPJILP
SFS.Input.Axis+<>c	OALPEPPJILP+<>c
SFS.Input.CloseMode	MJDGOMCCBFD
SFS.Input.DragData	EFDPLPDEBDL
SFS.Input.I_Key	KBMPNMEAJEF
SFS.Input.I_Touchable	CMCBPJPKFPL
SFS.Input.InputManager	SFS.Input.MYBOWLKKXRLJIEUG
SFS.Input.InputManager+<>c__DisplayClass15_0	SFS.Input.MYBOWLKKXRLJIEUG+MJHLLONHIKD
SFS.Input.InputManager+<>c__DisplayClass8_0	SFS.Input.MYBOWLKKXRLJIEUG+FGLDHMCNLMK
SFS.Input.InputManager+InputState	SFS.Input.MYBOWLKKXRLJIEUG+InputState
SFS.Input.InputMask2D	SFS.Input.JOLZXWSWKFHBMKGN
SFS.Input.InputType	AEMNGFPHNIM
SFS.Input.KeyBinder	SFS.Input.FKLISGDACKSGYOGK
SFS.Input.KeyBinder+<>c__DisplayClass12_0	SFS.Input.FKLISGDACKSGYOGK+LOCJJDBMJDA
SFS.Input.KeybindingsPC	SFS.Input.TIYTCMPPXTMLAOUH
SFS.Input.KeybindingsPC+Data	SFS.Input.TIYTCMPPXTMLAOUH+MEECKNKENKI
SFS.Input.KeybindingsPC+Key	SFS.Input.TIYTCMPPXTMLAOUH+Key
SFS.Input.OnInputEndData	NGHJPHNIBIO
SFS.Input.OnInputStartData	FLGCDNBCKHM
SFS.Input.OnInputStayData	AHKCCGGAGCK
SFS.Input.OnNotStationary	NFDHPMPHAKI
SFS.Input.OnTouchLongClickData	AMBCEBIOJDD
SFS.Input.ScreenManager	SFS.Input.GNCDHSXVFDNECDIE
SFS.Input.Screen_Base	SFS.Input.DKZCLFITKFKYQMMM
SFS.Input.Screen_Game	SFS.Input.AUSIVZAXIBUONJGA
SFS.Input.Screen_Menu	SFS.Input.HWCHXURTLZITYSMN
SFS.Input.TextBox	SFS.Input.WZAHILPDFOHMNMXB
SFS.Input.TextBox+<HoldingBackspace>d__13	SFS.Input.WZAHILPDFOHMNMXB+FNAPMJNJHMO
SFS.Input.TextBox+<HoldingLeftArrow>d__14	SFS.Input.WZAHILPDFOHMNMXB+HPELMLEHGAP
SFS.Input.TextBox+<HoldingRightArrow>d__15	SFS.Input.WZAHILPDFOHMNMXB+HBFEKBDCHAK
SFS.Input.TouchElements	FHACPLNBFOG
SFS.Input.TouchPosition	AGCLJBCCIFC
SFS.Input.ZoomData	BGLAHCPDGCC
SFS.InteriorManager	SFS.PVSVLGUJRTFOCDYI
SFS.Logs.Challenge+<>c__DisplayClass10_0	SFS.Logs.Challenge+BDJGFEBFMLE
SFS.Logs.Challenge+<>c__DisplayClass10_1	SFS.Logs.Challenge+GEMNMADPKNE
SFS.Logs.Challenge+<>c__DisplayClass11_0	SFS.Logs.Challenge+PNCOLPOMMPP
SFS.Logs.ChallengeStep	HODHCBNHFEA
SFS.Logs.LogsModule+<>c__DisplayClass6_0	SFS.Logs.LogsModule+PLLHHNGGNJH
SFS.Logs.MultiStep	EFIOCJFDIGE
SFS.Logs.Step_Any_Landmarks	AGJKHGPKAGK
SFS.Logs.Step_Downrange	OFJKGFNLFOP
SFS.Logs.Step_Height	CBJPABDCHOF
SFS.Logs.Step_Impact	PJCFCNAMAHM
SFS.Logs.Step_Land	FNCNPEJLAGL
SFS.Logs.Step_Orbit	FDAHGNFHJLD
SFS.MsgCollector	JOICENLIGGE
SFS.MsgNone	HFLMEFJFFPF
SFS.Navigation.Basic	GKINEAMNBNA
SFS.Navigation.Basic+<>c__DisplayClass0_0	GKINEAMNBNA+LOFNAECMIBL
SFS.Navigation.Basic+<>c__DisplayClass0_1	GKINEAMNBNA+MHFONCLDMMN
SFS.Navigation.Basic+<>c__DisplayClass0_2	GKINEAMNBNA+CLJBHIFJCJK
SFS.Navigation.Basic+<>c__DisplayClass2_0	GKINEAMNBNA+NDJKIKKKBEC
SFS.Navigation.Escape	JEGOHIHFODP
SFS.Navigation.Escape+<>c__DisplayClass0_0	JEGOHIHFODP+IJPLFLCECCO
SFS.Navigation.Escape+<>c__DisplayClass0_1	JEGOHIHFODP+HLPKHPHBCMM
SFS.Navigation.Escape+<>c__DisplayClass0_2	JEGOHIHFODP+ILOPCCCLHOA
SFS.Navigation.Escape+<>c__DisplayClass1_0	JEGOHIHFODP+FPPKJMACCKN
SFS.Navigation.Escape+<>c__DisplayClass1_1	JEGOHIHFODP+PJAIKDICJIJ
SFS.Navigation.Escape+<>c__DisplayClass2_0	JEGOHIHFODP+GHLGMPPADFB
SFS.Navigation.Escape+<>c__DisplayClass4_0	JEGOHIHFODP+FOIBIBPHMOO
SFS.Navigation.Escape+<>c__DisplayClass5_0	JEGOHIHFODP+DJAJDDAGINF
SFS.Navigation.Intersection	NFDLPIAACOI
SFS.Navigation.Iterator	DPICFIIABBL
SFS.Navigation.Iterator+Feedback`1	DPICFIIABBL+EEAKPIHOICK
SFS.Navigation.Iterator+Valid`1	DPICFIIABBL+PMMJKGLGPAM
SFS.Navigation.Iterator_Orbit	MLPJNLOLAPG
SFS.Navigation.Iterator_Velocity	FNOMGIMJBIA
SFS.Navigation.Iterator_Velocity+GetSample	FNOMGIMJBIA+CCLDKCKKOOE
SFS.Navigation.Utility	HNDJDHNGCJI
SFS.Navigation.Utility+FlybyTime	HNDJDHNGCJI+CLICEGKOAPG
SFS.Parsers.Constructed.Compute	GLCCMFAHOOI
SFS.Parsers.Constructed.Compute+<>c__DisplayClass1_0	GLCCMFAHOOI+HIFPGJCJMNL
SFS.Parsers.Constructed.Compute+Add	GLCCMFAHOOI+AEIAEGLJCME
SFS.Parsers.Constructed.Compute+Divide	GLCCMFAHOOI+IPKOPMMCLHC
SFS.Parsers.Constructed.Compute+I_Node	GLCCMFAHOOI+AEDFIDBIACP
SFS.Parsers.Constructed.Compute+Multiply	GLCCMFAHOOI+ONBOMBHIPHN
SFS.Parsers.Constructed.Compute+Number	GLCCMFAHOOI+KONCHDKFELI
SFS.Parsers.Constructed.Compute+Operator	GLCCMFAHOOI+JKLKLODLLCH
SFS.Parsers.Constructed.Compute+Subtract	GLCCMFAHOOI+BFOEJGKNBAO
SFS.Parsers.Constructed.Compute+Variable	GLCCMFAHOOI+PILCHLFIGHH
SFS.Parsers.Ini.IniConverter	GIBMDILDAPE
SFS.Parsers.Ini.IniConverter+<>c	GIBMDILDAPE+<>c
SFS.Parsers.Ini.IniConverter+<>c__DisplayClass5_0	GIBMDILDAPE+MOKIANAHNLN
SFS.Parsers.Ini.IniConverter+<>c__DisplayClass6_0	GIBMDILDAPE+IKCNFDHNNDI
SFS.Parsers.Ini.IniConverter+<>c__DisplayClass6_1	GIBMDILDAPE+MOBMBMMKMDO
SFS.Parsers.Ini.IniConverter+StringReader	GIBMDILDAPE+FEECOGLOCFD
SFS.Parsers.Ini.IniDataEnv	OANDENEJAPF
SFS.Parsers.Ini.IniDataEnv+Value	OANDENEJAPF+BCMEHBDDGHF
SFS.Parsers.Ini.IniDataSection	DKKNBHNPBLF
SFS.Parsers.Json.ExclusionList	GCBFBHDKMEB
SFS.Parsers.Json.ExclusionList+<>c__DisplayClass1_0	GCBFBHDKMEB+JDNPAFODOBI
SFS.Parsers.Json.Exclusions.BaseExclusion	EHKCFNOIELF
SFS.Parsers.Json.Exclusions.Exclusion`1	FECIPGEHKGC
SFS.Parsers.Json.Exclusions.Exclusion`1+<>c__DisplayClass2_0	FECIPGEHKGC+MMHCNNBHHJL
SFS.Parsers.Json.Exclusions.Inclusion`1	PPAEFHABFAD
SFS.Parsers.Json.Exclusions.Inclusion`1+<>c__DisplayClass2_0	PPAEFHABFAD+HFEDHEKOBNA
SFS.Parsers.Json.JsonWrapper	FOCGGHAENCG
SFS.Parsers.Json.JsonWrapper+VersionedData`1	FOCGGHAENCG+OAEOKMEOCOB
SFS.Parsers.Json.LegacyNameAttribute	HIFKNNHLFIG
SFS.Parsers.Json.MainContractResolver	DEHEIIDKEEA
SFS.Parsers.Regex.SimpleRegex	FKFIMJIMCBH
SFS.Parts.CenterData+CenterMode	SFS.Parts.CenterData+MDLACIGIGNE
SFS.Parts.CustomAssetsLoader	JNCFELNINNJ
SFS.Parts.CustomAssetsLoader+<>c	JNCFELNINNJ+<>c
SFS.Parts.CustomAssetsLoader+<LoadSequence>d__9	JNCFELNINNJ+GFHIDDMJMNB
SFS.Parts.CustomAssetsPacksLoader	IOPAPEAGEHL
SFS.Parts.CustomAssetsPacksLoader+<>c	IOPAPEAGEHL+<>c
SFS.Parts.CustomAssetsPacksLoader+<>c__DisplayClass0_0	IOPAPEAGEHL+LEEDEKIPLHI
SFS.Parts.CustomAssetsPacksLoader+<>c__DisplayClass0_1	IOPAPEAGEHL+MPKEGBABAGN
SFS.Parts.CustomAssetsPacksLoader+<>c__DisplayClass0_2	IOPAPEAGEHL+CIHIPJLAGGA
SFS.Parts.CustomAssetsPacksLoader+<>c__DisplayClass1_0	IOPAPEAGEHL+KMBMMHOHHHM
SFS.Parts.CustomAssetsPacksLoader+<LoadAssetPacks>d__0	IOPAPEAGEHL+KGIILFPOKHB
SFS.Parts.CustomAssetsPacksLoader+AssetBundlePack	IOPAPEAGEHL+AssetBundlePack
SFS.Parts.Modules.AdaptModule+<>c__DisplayClass13_0	SFS.Parts.Modules.AdaptModule+BLCCBAJMMBE
SFS.Parts.Modules.AdaptModule+<>c__DisplayClass14_0	SFS.Parts.Modules.AdaptModule+PGMJCNIMPKF
SFS.Parts.Modules.AdaptModule+<>c__DisplayClass14_1	SFS.Parts.Modules.AdaptModule+ACGBCKCKIBB
SFS.Parts.Modules.AdaptModule+<>c__DisplayClass22_0	SFS.Parts.Modules.AdaptModule+BLCCBAJMMBE
SFS.Parts.Modules.AdaptModule+<>c__DisplayClass23_0	SFS.Parts.Modules.AdaptModule+FLOIIDBKDLN
SFS.Parts.Modules.AdaptModule+<>c__DisplayClass24_0	SFS.Parts.Modules.AdaptModule+PGMJCNIMPKF
SFS.Parts.Modules.AdaptModule+<>c__DisplayClass24_1	SFS.Parts.Modules.AdaptModule+ACGBCKCKIBB
SFS.Parts.Modules.AdaptModule+PriorityType	SFS.Parts.Modules.AdaptModule+HJHHGPLOEBN
SFS.Parts.Modules.AdaptModule+ReceiverType	SFS.Parts.Modules.AdaptModule+FNGFHIDAINJ
SFS.Parts.Modules.AdaptModule+TriggerType	SFS.Parts.Modules.AdaptModule+GKKOLDJDEPA
SFS.Parts.Modules.BaseMesh+<>c__DisplayClass11_0	SFS.Parts.Modules.BaseMesh+FNOLOOHIFOG
SFS.Parts.Modules.BaseMesh+<>c__DisplayClass4_0	SFS.Parts.Modules.BaseMesh+FNOLOOHIFOG
SFS.Parts.Modules.BoosterModule+<<Fire>g__FireDelayed|38_3>d	SFS.Parts.Modules.BoosterModule+BMMGBDDNCFL
SFS.Parts.Modules.BoosterModule+<>c	SFS.Parts.Modules.BoosterModule+OGHGFKOFLBP
SFS.Parts.Modules.BoosterModule+<>c__DisplayClass47_0	SFS.Parts.Modules.BoosterModule+BMMGBDDNCFL
SFS.Parts.Modules.BoosterModule+<>c__DisplayClass47_1	SFS.Parts.Modules.BoosterModule+OGHGFKOFLBP
SFS.Parts.Modules.BurnMark+<>c__DisplayClass15_0	SFS.Parts.Modules.BurnMark+PKFMNMIEAIM
SFS.Parts.Modules.BurnMark+<>c__DisplayClass18_0	SFS.Parts.Modules.BurnMark+GOBFHONACBE
SFS.Parts.Modules.BurnMark+Bounds	SFS.Parts.Modules.BurnMark+HECMBCKOLBA
SFS.Parts.Modules.BurnMark+MeshReference	SFS.Parts.Modules.BurnMark+LJHCALNIJHF
SFS.Parts.Modules.ColliderModule+<>c__DisplayClass9_0	SFS.Parts.Modules.ColliderModule+LCLADCLCJJD
SFS.Parts.Modules.ColliderModule+ImpactTolerance	SFS.Parts.Modules.ColliderModule+MNKMNDJJBEA
SFS.Parts.Modules.Color_Splittable	AKMKBAIGABH
SFS.Parts.Modules.Color_Splittable+<>c	AKMKBAIGABH+<>c
SFS.Parts.Modules.Colors+ColorSelector+Type	SFS.Parts.Modules.Colors+ColorSelector+CDKMPBONIBE
SFS.Parts.Modules.CoverToggleModule+<>c__DisplayClass6_0	SFS.Parts.Modules.CoverToggleModule+JJMFFEJKKLI
SFS.Parts.Modules.CoverToggleModule+<>c__DisplayClass6_1	SFS.Parts.Modules.CoverToggleModule+BKOLMBAEIAB
SFS.Parts.Modules.CoverToggleModule+<>c__DisplayClass7_0	SFS.Parts.Modules.CoverToggleModule+IOJCPFJAEEA
SFS.Parts.Modules.CurvePipe+<>c__DisplayClass10_0	SFS.Parts.Modules.CurvePipe+ADIBAOFOGCN
SFS.Parts.Modules.DetachModule+<>c__DisplayClass20_0	SFS.Parts.Modules.DetachModule+KILCMKGAAPD
SFS.Parts.Modules.DetachModule+<>c__DisplayClass21_0	SFS.Parts.Modules.DetachModule+NCHHDIOGCCK
SFS.Parts.Modules.DetachModule+<>c__DisplayClass22_0	SFS.Parts.Modules.DetachModule+NCHHDIOGCCK
SFS.Parts.Modules.DetachModule+DetachData	SFS.Parts.Modules.DetachModule+OJOJILPJNEI
SFS.Parts.Modules.DockingPortModule+<>c__DisplayClass17_0	SFS.Parts.Modules.DockingPortModule+GPNOALKINIA
SFS.Parts.Modules.DockingPortModule+<>c__DisplayClass28_0	SFS.Parts.Modules.DockingPortModule+NHNOPHMMPKB
SFS.Parts.Modules.DockingPortModule+<>c__DisplayClass28_1	SFS.Parts.Modules.DockingPortModule+OKHKAKKPLOG
SFS.Parts.Modules.EngineModule+<>c__DisplayClass34_0	SFS.Parts.Modules.EngineModule+FANGIIJAJAB
SFS.Parts.Modules.EngineModule+<>c__DisplayClass57_0	SFS.Parts.Modules.EngineModule+FANGIIJAJAB
SFS.Parts.Modules.FlowModule+FlowState	SFS.Parts.Modules.FlowModule+CPLJEPMKKDE
SFS.Parts.Modules.FlowModule+FlowType	SFS.Parts.Modules.FlowModule+INLEEJKOHLI
SFS.Parts.Modules.FlowModule+SourceMode	SFS.Parts.Modules.FlowModule+LJODBJOMGCH
SFS.Parts.Modules.FuelPipeModule+<>c__DisplayClass9_0	SFS.Parts.Modules.FuelPipeModule+HGPLFFGLPON
SFS.Parts.Modules.I_PartMenu	FHFFPEAOKDO
SFS.Parts.Modules.InteriorModule+LayerType	SFS.Parts.Modules.InteriorModule+NFPBOFFNJIL
SFS.Parts.Modules.LES_Module+<>c__DisplayClass1_0	SFS.Parts.Modules.LES_Module+OLDAHIGNJFD
SFS.Parts.Modules.LES_Module+<>c__DisplayClass7_0	SFS.Parts.Modules.LES_Module+BDAAAJLFIDM
SFS.Parts.Modules.MagnetModule+<>c__DisplayClass4_0	SFS.Parts.Modules.MagnetModule+CAKFFHBDOPJ
SFS.Parts.Modules.MagnetModule+<>c__DisplayClass4_1	SFS.Parts.Modules.MagnetModule+CNEOMFDNMPD
SFS.Parts.Modules.MagnetModule+<>c__DisplayClass4_2	SFS.Parts.Modules.MagnetModule+JIIPEBNHPDK
SFS.Parts.Modules.MathModule+BooleanComparisonCalculator+Condition	SFS.Parts.Modules.MathModule+BooleanComparisonCalculator+KFCBBGGBMFM
SFS.Parts.Modules.MathModule+BooleanOperatorCalculator+Operator	SFS.Parts.Modules.MathModule+BooleanOperatorCalculator+IJCIIBKFPEI
SFS.Parts.Modules.MathModule+NumericCalculator+<>c__DisplayClass2_0	SFS.Parts.Modules.MathModule+NumericCalculator+NDBOHBNKIPK
SFS.Parts.Modules.MeshData	JBJDMOIGHPJ
SFS.Parts.Modules.Mode	HNMHGABLOLI
SFS.Parts.Modules.ModelColliderModule+<>c__DisplayClass19_0	SFS.Parts.Modules.ModelColliderModule+CLOIHDJNGLG
SFS.Parts.Modules.ModelSetup	SFS.Parts.Modules.ModelSetup2D
SFS.Parts.Modules.ModelSetup2D+<>c__DisplayClass4_0	SFS.Parts.Modules.ModelSetup2D+ONDNBJGGLBN
SFS.Parts.Modules.MoveData+Type	SFS.Parts.Modules.MoveData+BLDEGFNAODI
SFS.Parts.Modules.OwnModule	SFS.Parts.Modules.DFWCIVCOVJCBPIJL
SFS.Parts.Modules.OwnModule+PartPack	SFS.Parts.Modules.DFWCIVCOVJCBPIJL+BLPODEAMKEM
SFS.Parts.Modules.Own_Size	SFS.Parts.Modules.XTITLZJINBVKKRCU
SFS.Parts.Modules.Own_Size+<>c	SFS.Parts.Modules.XTITLZJINBVKKRCU+<>c
SFS.Parts.Modules.Own_Size+AllowedSize	SFS.Parts.Modules.XTITLZJINBVKKRCU+AllowedSize
SFS.Parts.Modules.OwnershipState	FOBNAJGHMEP
SFS.Parts.Modules.PartDrawSettings	POLOEKODMKH
SFS.Parts.Modules.PartTex	MMIOAAMDDFN
SFS.Parts.Modules.Pipe	IJMHFBBOAOA
SFS.Parts.Modules.PipePoint	KHBLPEOPKDC
SFS.Parts.Modules.Points_Splittable	KMBOOCELMHL
SFS.Parts.Modules.Points_Splittable+<>c	KMBOOCELMHL+<>c
SFS.Parts.Modules.PolygonMesh+ColorType	SFS.Parts.Modules.PolygonMesh+FPBFCHBFENP
SFS.Parts.Modules.PolygonMesh+UVOptions	SFS.Parts.Modules.PolygonMesh+BPOCEEDKKKA
SFS.Parts.Modules.ResourceModule+<>c__DisplayClass16_0	SFS.Parts.Modules.ResourceModule+KKPMJPIOBIG
SFS.Parts.Modules.ResourceModule+<>c__DisplayClass16_1	SFS.Parts.Modules.ResourceModule+DHHEEPADOII
SFS.Parts.Modules.SceneType	HGNDALJAPEA
SFS.Parts.Modules.SeparatorBase+<>c__DisplayClass3_0	SFS.Parts.Modules.SeparatorBase+PNOELGICIKC
SFS.Parts.Modules.SplitModule+<>c__DisplayClass18_0	SFS.Parts.Modules.SplitModule+HIOJGGBKPAJ
SFS.Parts.Modules.Splittable	GOGNDNBEPDG
SFS.Parts.Modules.SurfaceUtility	EJNLHCHDICO
SFS.Parts.Modules.SurfaceUtility+<>c	EJNLHCHDICO+<>c
SFS.Parts.Modules.Surfaces	GBGGHCNJINI
SFS.Parts.Modules.Textures+<>c__DisplayClass5_0	SFS.Parts.Modules.Textures+IJKMLADAGCP
SFS.Parts.Modules.Textures+WidthMode	SFS.Parts.Modules.Textures+OEJJPIHLDGN
SFS.Parts.Modules.ToggleModule+<>c__DisplayClass3_0	SFS.Parts.Modules.ToggleModule+NGAIKNNIIJL
SFS.Parts.Modules.UV_Splittable	LPOLBGOGOLO
SFS.Parts.Modules.UV_Splittable+<>c	LPOLBGOGOLO+<>c
SFS.Parts.Modules.VariableConverterModule+StringToBool+<>c__DisplayClass4_0	SFS.Parts.Modules.VariableConverterModule+StringToBool+LICOHGMJCHF
SFS.Parts.Modules.VariablesDrawer+<>c__DisplayClass1_0	SFS.Parts.Modules.VariablesDrawer+DDELIHLLHPD
SFS.Parts.Modules.VariablesDrawer+<>c__DisplayClass1_1	SFS.Parts.Modules.VariablesDrawer+IDEOGEJONPE
SFS.Parts.Modules.VariablesDrawer+<>c__DisplayClass1_2	SFS.Parts.Modules.VariablesDrawer+PNOEPHAMKPH
SFS.Parts.Modules.VariablesDrawer+FloatDrawType	SFS.Parts.Modules.VariablesDrawer+NNMHMHCKODK
SFS.Parts.Modules.VariablesDrawer+StringDrawType	SFS.Parts.Modules.VariablesDrawer+EDKHCKMFJIB
SFS.Parts.Modules.VariablesDrawer+VariableType	SFS.Parts.Modules.VariablesDrawer+FCEKFOKEANP
SFS.Parts.Modules.Variants+Variable+ValueType	SFS.Parts.Modules.Variants+Variable+JGBFFDJIDHG
SFS.Parts.OnPartNotOwned	IPJKIOOBCHP
SFS.Parts.Part+<>c__DisplayClass16_0	SFS.Parts.Part+IOIKANBPCNJ
SFS.Parts.PartHit	FLKGIONGKLJ
SFS.Parts.PartHolder+<>c__DisplayClass22_0	SFS.Parts.PartHolder+CKLKPNIMAGM
SFS.Parts.PartHolder+<>c__DisplayClass23_0`1	SFS.Parts.PartHolder+DDBFMCPFFIH
SFS.Parts.PartTexture+<>c__DisplayClass10_0	SFS.Parts.PartTexture+BOJIMOIJKPB
SFS.Parts.Part_Utility	MFOODALHEIC
SFS.Parts.Part_Utility+<>c	MFOODALHEIC+<>c
SFS.Parts.Part_Utility+<>c__16`1	MFOODALHEIC+<>c__17`1
SFS.Parts.Part_Utility+<>c__17`1	MFOODALHEIC+<>c__17`1
SFS.Parts.Part_Utility+<>c__DisplayClass0_0	MFOODALHEIC+JHIOMPPNCHM
SFS.Parts.Part_Utility+<>c__DisplayClass0_1	MFOODALHEIC+CBOBAHHLJJI
SFS.Parts.Part_Utility+<>c__DisplayClass13_0	MFOODALHEIC+IAMEIEFBDPD
SFS.Parts.PartsLoader+<>c__DisplayClass10_0	SFS.Parts.PartsLoader+DMEKNBJBLHL
SFS.Parts.PartsLoader+<>c__DisplayClass11_0	SFS.Parts.PartsLoader+DMEKNBJBLHL
SFS.Parts.PartsLoader+<>c__DisplayClass12_0	SFS.Parts.PartsLoader+MODHHLCFOFJ
SFS.Parts.PartsLoader+<>c__DisplayClass13_0	SFS.Parts.PartsLoader+MODHHLCFOFJ
SFS.Parts.TextureLoader	IHKBJIEFOBD
SFS.Parts.TextureLoader+<>c	IHKBJIEFOBD+<>c
SFS.Parts.TextureLoader+<>c__DisplayClass2_0	IHKBJIEFOBD+MPDONHKBMJO
SFS.Parts.TextureLoader+<LoadTexturePack>d__2	IHKBJIEFOBD+PJDJOLICCIC
SFS.Parts.TextureLoader+<LoadTexturePacks>d__0	IHKBJIEFOBD+GKLHJNLEKBD
SFS.Parts.TextureLoader+ShadowTextureConverter	IHKBJIEFOBD+LAGDILIOPKI
SFS.Parts.TextureLoader+SpriteConverter	IHKBJIEFOBD+FHLAAHBIPHL
SFS.Parts.TextureLoader+T2DConverter	IHKBJIEFOBD+GLOEALNFCFL
SFS.Parts.UsePartData	CGHMLNCHHEK
SFS.Parts.UsePartData+SharedData	CGHMLNCHHEK+BGCJLLLHFHI
SFS.Parts.VerticalSizeMode	BNOIPGNHLOM
SFS.Parts.WheelModule+<>c__DisplayClass6_0	SFS.Parts.WheelModule+GPEDLPGPHOL
SFS.Platform.PlatformManager	SFS.Platform.DCRHBJKUKSRFOOQE
SFS.Polygon	LFMDCEAMCIH
SFS.PostProcessing	SFS.SKXVNXOEWQPYTLVC
SFS.RenderSortingModule	SFS.NJDZBWHDVKFXZSES
SFS.RenderSortingModule+SortingMode	SFS.NJDZBWHDVKFXZSES+GCLIIHMIKEM
SFS.SceneLoader	SFS.WTTXOHHATIJWGMBP
SFS.SceneLoader+<>c	SFS.WTTXOHHATIJWGMBP+<>c
SFS.SceneLoader+<LoadSceneAsync>d__28	SFS.WTTXOHHATIJWGMBP+MJHGLLPLNLF
SFS.SceneLoader+<ShowSplashScreenIE>d__22	SFS.WTTXOHHATIJWGMBP+KBBCNFOLJAC
SFS.SceneLoader+Settings	SFS.WTTXOHHATIJWGMBP+Settings
SFS.Selector	SFS.PHUIHVNIIQOFNBYP
SFS.Sharing.InitializationResult	MLGKKJKPLIB
SFS.Sharing.RequestUtil	CCHBNHINIAG
SFS.Sharing.RequestUtil+<>c__DisplayClass5_0	CCHBNHINIAG+FDMFNKPMDCC
SFS.Sharing.RequestUtil+InitResult	CCHBNHINIAG+AOBAFDOFCGN
SFS.Sharing.ReturnCodes	MKJFBJCNMOF
SFS.Sharing.SharingRequester+<>c__DisplayClass10_0	SFS.Sharing.SharingRequester+DMGGHBHFEJE
SFS.Sharing.SharingRequester+<>c__DisplayClass11_0	SFS.Sharing.SharingRequester+GMCKOEONNGM
SFS.Sharing.SharingRequester+<>c__DisplayClass12_0	SFS.Sharing.SharingRequester+BOFEEFLBOLO
SFS.Sharing.SharingRequester+<>c__DisplayClass13_0	SFS.Sharing.SharingRequester+ODJPIINONLC
SFS.Sharing.SharingRequester+<>c__DisplayClass14_0	SFS.Sharing.SharingRequester+BDCDNHHCENI
SFS.Sharing.SharingRequester+<>c__DisplayClass15_0	SFS.Sharing.SharingRequester+FBONMDMJCDG
SFS.Sharing.SharingRequester+<>c__DisplayClass16_0	SFS.Sharing.SharingRequester+LMKPFBEKLNM
SFS.Sharing.SharingRequester+<>c__DisplayClass17_0	SFS.Sharing.SharingRequester+JJJOPGJOFKL
SFS.Sharing.SharingRequester+<>c__DisplayClass18_0	SFS.Sharing.SharingRequester+GENNBIKNOBL
SFS.Sharing.SharingRequester+<>c__DisplayClass19_0	SFS.Sharing.SharingRequester+DJJDJGCDBCP
SFS.Sharing.SharingRequester+<>c__DisplayClass20_0	SFS.Sharing.SharingRequester+ABHCHBBKBDO
SFS.Sharing.SharingRequester+<>c__DisplayClass21_0	SFS.Sharing.SharingRequester+BHINANFBJBI
SFS.Sharing.SharingRequester+<>c__DisplayClass8_0	SFS.Sharing.SharingRequester+ODHAHDEPJNI
SFS.Sharing.SharingRequester+<>c__DisplayClass9_0	SFS.Sharing.SharingRequester+ENLPKLCOBFO
SFS.Sharing.SharingRequester+RocketsPage	SFS.Sharing.SharingRequester+DCMGALKHAEC
SFS.Sharing.SharingRequester+RocketsTabManager	SFS.Sharing.SharingRequester+ICELBPKDNBF
SFS.Sharing.SharingRequester+RocketsTabManager+<>c	SFS.Sharing.SharingRequester+ICELBPKDNBF+<>c
SFS.Sharing.SharingRequester+RocketsTabManager+<>c__DisplayClass16_0	SFS.Sharing.SharingRequester+ICELBPKDNBF+ABMFHBNJCMM
SFS.Sharing.SharingRequester+VoteResult	SFS.Sharing.SharingRequester+OEBIOCKDEFE
SFS.ShootingStar	SFS.YBOKHHAZOODKWJEF
SFS.ShootingStarManager	SFS.TSEMVORMFGWKVPBC
SFS.Stats.ChallengeRecorder	MMMMFJDAMJI
SFS.Stats.ChallengeRecorder+<>c	MMMMFJDAMJI+<>c
SFS.Stats.ChallengeRecorder+<>c__DisplayClass7_0	MMMMFJDAMJI+EIBGOLLEFFA
SFS.Stats.ChallengeRecorder+<>c__DisplayClass9_0	MMMMFJDAMJI+AGAIGMLKHEC
SFS.Stats.LogManager	SFS.Stats.CCGWSJHZVANHUAHT
SFS.Stats.LogManager+<>c__DisplayClass6_0	SFS.Stats.CCGWSJHZVANHUAHT+JNOKIIALFJK
SFS.Stats.StatsRecorder	SFS.Stats.PZBDUHZDLTWFGDLO
SFS.Stats.StatsRecorder+<>c__DisplayClass7_0	SFS.Stats.PZBDUHZDLTWFGDLO+FLMDCCFNDLN
SFS.Stats.StatsRecorder+<>c__DisplayClass7_1	SFS.Stats.PZBDUHZDLTWFGDLO+CNFBNFPCPLL
SFS.Stats.StatsRecorder+<>c__DisplayClass8_0	SFS.Stats.PZBDUHZDLTWFGDLO+KKGGKMHEMCM
SFS.Stats.StatsRecorder+EventType	SFS.Stats.PZBDUHZDLTWFGDLO+EventType
SFS.Stats.StatsRecorder+Tracker	SFS.Stats.PZBDUHZDLTWFGDLO+FAHPEBEEGDP
SFS.Stats.StatsRecorder+Tracker+State_Atmosphere	SFS.Stats.PZBDUHZDLTWFGDLO+FAHPEBEEGDP+State_Atmosphere
SFS.Stats.StatsRecorder+Tracker+State_Orbit	SFS.Stats.PZBDUHZDLTWFGDLO+FAHPEBEEGDP+State_Orbit
SFS.TimeEvent	SFS.VMWQOCGJPWIEUAYC
SFS.TranslationUtility	LJEHGKIOCOH
SFS.Translations.Documentation	EMCFNCNPNHN
SFS.Translations.Field	HFFLNLIDDIP
SFS.Translations.Field+Builder	HFFLNLIDDIP+HNIJEIHBFEE
SFS.Translations.FontSetter	SFS.Translations.QEQIMTSSRBXMLEEL
SFS.Translations.Group	NFCOOHKAONE
SFS.Translations.LanguageSettings	SFS.Translations.LZMKBIFJZPAGUAMX
SFS.Translations.LanguageSettings+<>c	SFS.Translations.LZMKBIFJZPAGUAMX+<>c
SFS.Translations.LanguageSettings+<>c__DisplayClass14_0	SFS.Translations.LZMKBIFJZPAGUAMX+NCDFDICFCDI
SFS.Translations.LanguageSettings+<>c__DisplayClass14_1	SFS.Translations.LZMKBIFJZPAGUAMX+PDAFCEOPPFN
SFS.Translations.Loc	HFCLOMKKMCN
SFS.Translations.LocSpace	KLEEPFFGCNH
SFS.Translations.MarkAsSub	GMDPNGCIFNK
SFS.Translations.SubExport	GCHPLJCHCJM
SFS.Translations.SubExport+<>c	GCHPLJCHCJM+<>c
SFS.Translations.TranslationEditorHelper	CCMOBCNLKJE
SFS.Translations.TranslationManager	SFS.Translations.ZSNQLVQSFDSGIGTX
SFS.Translations.TranslationManager+<>c__DisplayClass11_0	SFS.Translations.ZSNQLVQSFDSGIGTX+FontSet
SFS.Translations.TranslationManager+<>c__DisplayClass12_0	SFS.Translations.ZSNQLVQSFDSGIGTX+NJOICKMCGEJ
SFS.Translations.TranslationManager+<>c__DisplayClass13_0	SFS.Translations.ZSNQLVQSFDSGIGTX+NJOICKMCGEJ
SFS.Translations.TranslationManager+<>c__DisplayClass16_0	SFS.Translations.ZSNQLVQSFDSGIGTX+CDFGNBMNDCH
SFS.Translations.TranslationManager+<>c__DisplayClass17_0	SFS.Translations.ZSNQLVQSFDSGIGTX+MLLLGLGEHIK
SFS.Translations.TranslationManager+<>c__DisplayClass20_0	SFS.Translations.ZSNQLVQSFDSGIGTX+CDFGNBMNDCH
SFS.Translations.TranslationManager+<>c__DisplayClass21_0	SFS.Translations.ZSNQLVQSFDSGIGTX+MLLLGLGEHIK
SFS.Translations.TranslationManager+FontSet	SFS.Translations.ZSNQLVQSFDSGIGTX+FontSet
SFS.Translations.TranslationManager+FontType	SFS.Translations.ZSNQLVQSFDSGIGTX+APAHFFIJMHL
SFS.Translations.TranslationSelector	SFS.Translations.FCZGEGUNKBONQBXG
SFS.Translations.TranslationSelector+<>c__DisplayClass3_0	SFS.Translations.FCZGEGUNKBONQBXG+PALBPEGOLBG
SFS.Translations.TranslationSerialization	PJOODADEJLH
SFS.Translations.Unexported	Microsoft.CodeAnalysis.EmbeddedAttribute
SFS.Tutorials.FailureMenu	SFS.Tutorials.XIUIRTGNIOVWJPCA
SFS.Tutorials.FailureMenu+<>c	SFS.Tutorials.XIUIRTGNIOVWJPCA+<>c
SFS.Tutorials.FailureMenu+<>c__DisplayClass13_0	SFS.Tutorials.XIUIRTGNIOVWJPCA+CDGPCDPACHB
SFS.Tutorials.PartShowcaseModule	SFS.Tutorials.IGXCNZSCGQXUYIZV
SFS.Tutorials.Tutorial_Base	SFS.Tutorials.USDSMBEPWGWZTSTP
SFS.Tutorials.Tutorial_Base+<>c__DisplayClass0_0	SFS.Tutorials.USDSMBEPWGWZTSTP+GHIJCJPNDDH
SFS.Tutorials.Tutorial_Base+<>c__DisplayClass1_0	SFS.Tutorials.USDSMBEPWGWZTSTP+LCCNEEBEKFB
SFS.Tutorials.Tutorial_Base+<>c__DisplayClass3_0	SFS.Tutorials.USDSMBEPWGWZTSTP+EBJGBCKCAOD
SFS.Tutorials.Tutorial_Base+TimeDelay	SFS.Tutorials.USDSMBEPWGWZTSTP+MFAHMMACKMM
SFS.Tutorials.Tutorial_Build	SFS.Tutorials.LOSMPODKDQCHTDSC
SFS.Tutorials.Tutorial_Build+<>c	SFS.Tutorials.LOSMPODKDQCHTDSC+<>c
SFS.Tutorials.Tutorial_Build+<>c__DisplayClass8_0	SFS.Tutorials.LOSMPODKDQCHTDSC+DCJFAIDJCIG
SFS.Tutorials.Tutorial_Build+<>c__DisplayClass9_0	SFS.Tutorials.LOSMPODKDQCHTDSC+LDCGGFLKMFF
SFS.Tutorials.Tutorial_World	SFS.Tutorials.RAHANOQCMZUGHSAL
SFS.Tutorials.Tutorial_World+<>c	SFS.Tutorials.RAHANOQCMZUGHSAL+<>c
SFS.Tutorials.Tutorial_World+<>c__DisplayClass4_0	SFS.Tutorials.RAHANOQCMZUGHSAL+EKLNPDCKHMC
SFS.Tween.TweenManager	FGFEEPAFBNE
SFS.Tween.TweenManager+<DelayCallAsync>d__13	FGFEEPAFBNE+OCJNNBBJBJD
SFS.Tween.TweenManager+<TweenColorAsync>d__5	FGFEEPAFBNE+ACKFLEBALLD
SFS.Tween.TweenManager+<TweenFadeAsync>d__3	FGFEEPAFBNE+LJPGAHOHFFN
SFS.Tween.TweenManager+<TweenFloatAsync>d__11	FGFEEPAFBNE+KPNGFANFMAB
SFS.Tween.TweenManager+<TweenLocalRotateAsync>d__7	FGFEEPAFBNE+CJLEHNCFPKM
SFS.Tween.TweenManager+<TweenRotateAsync>d__9	FGFEEPAFBNE+OHJBNHPCIPM
SFS.UI.AstronautElement	SFS.UI.FNSIXCAGEYOOVKJU
SFS.UI.AstronautMenu	SFS.UI.JGSZBYWTYLCDJHWY
SFS.UI.AstronautMenu+<>c	SFS.UI.JGSZBYWTYLCDJHWY+<>c
SFS.UI.AstronautMenu+<>c__DisplayClass16_0	SFS.UI.JGSZBYWTYLCDJHWY+BIHLFFKOLCG
SFS.UI.AstronautMenu+<>c__DisplayClass21_0	SFS.UI.JGSZBYWTYLCDJHWY+KLEOCKKHNCK
SFS.UI.AttachWithArrow	SFS.UI.LLHFCROZMEGVVTWX
SFS.UI.AttachWithArrow+<>c__DisplayClass13_0	SFS.UI.LLHFCROZMEGVVTWX+EFHDKKKDKIA
SFS.UI.AttachWithArrow+<>c__DisplayClass21_0	SFS.UI.LLHFCROZMEGVVTWX+IKOPLHILNJO
SFS.UI.AttachWithArrow+Placement	SFS.UI.LLHFCROZMEGVVTWX+GKLGBPOEGGA
SFS.UI.AttachableStatsMenu	SFS.UI.ZDRVRGUNKMIHAZFK
SFS.UI.AttachableStatsMenu+<>c	SFS.UI.ZDRVRGUNKMIHAZFK+<>c
SFS.UI.AttachableStatsMenu+<>c__DisplayClass2_0	SFS.UI.ZDRVRGUNKMIHAZFK+EKJBEJJCLKN
SFS.UI.AttachableStatsMenu+<>c__DisplayClass3_0	SFS.UI.ZDRVRGUNKMIHAZFK+BNIFFBMPFBG
SFS.UI.BasicMenu	SFS.UI.DWNZJJGENOKIFHBP
SFS.UI.BuildMenuBar	SFS.UI.EFXPDPOUJCSETZVL
SFS.UI.BuildMenuBar+<>c	SFS.UI.EFXPDPOUJCSETZVL+<>c
SFS.UI.Button	SFS.UI.IAEQBJKLLGYUYERQ
SFS.UI.Button+<>c	SFS.UI.IAEQBJKLLGYUYERQ+<>c
SFS.UI.Button+<>c__DisplayClass40_0	SFS.UI.IAEQBJKLLGYUYERQ+KIFALCPKGPL
SFS.UI.ButtonBuilder	MBCFEMPJCIF
SFS.UI.ButtonPC	SFS.UI.GNKYQZMREYJDNNEI
SFS.UI.CancelButton	DFHJCBELLAE
SFS.UI.CheatsDrawer	SFS.UI.OYAVHZKYHIIRLJXC
SFS.UI.CheatsDrawer+<>c__DisplayClass3_0	SFS.UI.OYAVHZKYHIIRLJXC+LBMGGKKJGHN
SFS.UI.ClampSize	SFS.UI.SDXGWTUTBWOXLXTK
SFS.UI.ClampSize+OptionalFloat	SFS.UI.SDXGWTUTBWOXLXTK+OptionalFloat
SFS.UI.ContainerElement	SFS.UI.IIZORUVQQFIWKAKA
SFS.UI.ContainerElementWithScaling	SFS.UI.DHSOYKSVNYEKRTRC
SFS.UI.CreateWorldMenu	SFS.UI.SVXZFZTUWOKHMMIH
SFS.UI.CreateWorldMenu+<>c	SFS.UI.SVXZFZTUWOKHMMIH+<>c
SFS.UI.CreateWorldMenu+<>c__DisplayClass16_0	SFS.UI.SVXZFZTUWOKHMMIH+HJENDCHODIA
SFS.UI.CreateWorldMenu+<>c__DisplayClass16_1	SFS.UI.SVXZFZTUWOKHMMIH+MCCGLGBLHBH
SFS.UI.CycleSelector	SFS.UI.CEXQHFCAERNURDUI
SFS.UI.DevelopmentMenu	SFS.UI.PHAWZWLCSCYOVGJD
SFS.UI.DownloadMenu	SFS.UI.JLPISIZPCXEJNWRV
SFS.UI.DownloadMenu+<>c	SFS.UI.JLPISIZPCXEJNWRV+<>c
SFS.UI.DownloadMenu+<>c__DisplayClass4_0	SFS.UI.JLPISIZPCXEJNWRV+IOHJBGHNFCI
SFS.UI.DraggableWindowModule	SFS.UI.JRNADJENEKNXJSIA
SFS.UI.ElementBuilder	CMEOPALMOBN
SFS.UI.ElementGenerator	SFS.UI.ZHVRGWOUSMJCJHIT
SFS.UI.ElementGenerator+<>c	SFS.UI.ZHVRGWOUSMJCJHIT+<>c
SFS.UI.ElementGenerator+<>c__DisplayClass4_0	SFS.UI.ZHVRGWOUSMJCJHIT+HJPHCPGNAMJ
SFS.UI.ElementGenerator+<>c__DisplayClass6_0	SFS.UI.ZHVRGWOUSMJCJHIT+FGBBBMNMNNF
SFS.UI.ElementLayout	MCJKGEFFFNP
SFS.UI.FillSlider	SFS.UI.EEFDGSVGVQXVTDZI
SFS.UI.FitBetween	SFS.UI.DQGILJXIOBSDRTXR
SFS.UI.FitBetween+Provider	SFS.UI.DQGILJXIOBSDRTXR+Provider
SFS.UI.ForceUpdateLayout	SFS.UI.QFAJQWJNPSWXJFOK
SFS.UI.HomeManager	SFS.UI.MPNKXPODROZEILCR
SFS.UI.HomeManager+<>c	SFS.UI.MPNKXPODROZEILCR+<>c
SFS.UI.HomeManager+<>c__DisplayClass17_0	SFS.UI.MPNKXPODROZEILCR+JJFEEFKGBCN
SFS.UI.HomeManager+<>c__DisplayClass19_0	SFS.UI.MPNKXPODROZEILCR+IDLPFHPFGNN
SFS.UI.HomeManager+<>c__DisplayClass20_0	SFS.UI.MPNKXPODROZEILCR+JPKIELGHCID
SFS.UI.HomeManager+<>c__DisplayClass20_1	SFS.UI.MPNKXPODROZEILCR+GMLLGLLDNPK
SFS.UI.HomeManager+<>c__DisplayClass33_0	SFS.UI.MPNKXPODROZEILCR+<>c
SFS.UI.HorizontalLayout	SFS.UI.IHXKUSJXSKNPMVWQ
SFS.UI.HorizontalLayout+<>c	SFS.UI.IHXKUSJXSKNPMVWQ+<>c
SFS.UI.I_Raycastable	GDMMHHNDAHM
SFS.UI.I_SavingBase	KIEMCHGMBOI
SFS.UI.IconButton	SFS.UI.YAPFEFSVMPPLBBLT
SFS.UI.ImageTools	HPBJINFOOIN
SFS.UI.ImportAvailability	OEIANAFDLEA
SFS.UI.LayoutGroup	SFS.UI.RWWKOWXGQEXVLQNF
SFS.UI.LayoutGroup+<>c	SFS.UI.RWWKOWXGQEXVLQNF+<>c
SFS.UI.LayoutGroup+<>c__DisplayClass26_0	SFS.UI.RWWKOWXGQEXVLQNF+POELGGMOAAP
SFS.UI.LayoutGroup+SpaceDistributionMode	SFS.UI.RWWKOWXGQEXVLQNF+LEIOHHMCEBO
SFS.UI.LayoutGroupUpdater	SFS.UI.EWGILCEJOHEAYXXA
SFS.UI.LayoutUtility	DFCNNGPBBOG
SFS.UI.LayoutUtility+<>c	DFCNNGPBBOG+<>c
SFS.UI.LoadMenu	SFS.UI.LBOOAXWICGSWWJYJ
SFS.UI.LoadMenu+<>c	SFS.UI.LBOOAXWICGSWWJYJ+<>c
SFS.UI.LoadMenu+<>c__DisplayClass18_0	SFS.UI.LBOOAXWICGSWWJYJ+PJKBHJHCGEK
SFS.UI.LoadMenu+<>c__DisplayClass22_0	SFS.UI.LBOOAXWICGSWWJYJ+KPFGHGOEGEI
SFS.UI.LoadMenu+<>c__DisplayClass25_0	SFS.UI.LBOOAXWICGSWWJYJ+OPGBLLLNECG
SFS.UI.LoadMenuElement	SFS.UI.DOMNWYHROJGCAXUU
SFS.UI.LoadingScreen	SFS.UI.VRZRNLAPVWYJYXVZ
SFS.UI.LoadingScreen+<Animate>d__11	SFS.UI.VRZRNLAPVWYJYXVZ+BLDJKPPIFNJ
SFS.UI.Margin	SFS.UI.JJKQDZTAJDIEFIJY
SFS.UI.Menu	SFS.UI.KNXGYMFUGLLNYJOO
SFS.UI.MenuElement	DKIANMNAFLE
SFS.UI.MenuGenerator	NOCMGHPIBCP
SFS.UI.MenuGenerator+<>c	NOCMGHPIBCP+<>c
SFS.UI.MenuGenerator+<>c__DisplayClass1_0	NOCMGHPIBCP+BKJDNNJGOCA
SFS.UI.MenuGenerator+<>c__DisplayClass4_0	NOCMGHPIBCP+MLEHNFPBHFK
SFS.UI.ModGUI.Box	FMLGFNHIDCG
SFS.UI.ModGUI.Builder	LKOJKPIKHDB
SFS.UI.ModGUI.Builder+<>c	LKOJKPIKHDB+<>c
SFS.UI.ModGUI.Builder+<>c__DisplayClass7_0	LKOJKPIKHDB+PJMCHHOONOC
SFS.UI.ModGUI.Builder+SceneToAttach	LKOJKPIKHDB+BAGACIMLJFH
SFS.UI.ModGUI.Button	NPCKLPNGDON
SFS.UI.ModGUI.Button+<>c	SFS.UI.IAEQBJKLLGYUYERQ+<>c
SFS.UI.ModGUI.Button+<>c__DisplayClass40_0	SFS.UI.IAEQBJKLLGYUYERQ+KIFALCPKGPL
SFS.UI.ModGUI.ButtonWithLabel	AKHBHJPKGJM
SFS.UI.ModGUI.Container	NEIPPNAAIGH
SFS.UI.ModGUI.GUIElement	HOCMINIOLLF
SFS.UI.ModGUI.InputWithLabel	CNBBIIOKFDP
SFS.UI.ModGUI.Label	HPHOJDADPIN
SFS.UI.ModGUI.ModGUIPrefabsLoader	SFS.UI.ModGUI.IKQKIUUKVAHTWEGU
SFS.UI.ModGUI.Separator	GMCBOHJOFBP
SFS.UI.ModGUI.Slider	NPMFGAPMBHO
SFS.UI.ModGUI.Slider+<>c__DisplayClass6_0	NPMFGAPMBHO+KJPJCGJKLBH
SFS.UI.ModGUI.Space	BOJNCONNAOM
SFS.UI.ModGUI.TextInput	NACEACEHDDN
SFS.UI.ModGUI.Toggle	NKLJFHOFFEJ
SFS.UI.ModGUI.ToggleWithLabel	IGMOEHMLPOE
SFS.UI.ModGUI.Type	MDLDEFFCNOD
SFS.UI.ModGUI.WebImage	HGMNBPNGDKM
SFS.UI.ModGUI.Window	GGCKIHFNOFJ
SFS.UI.MsgDrawer	SFS.UI.DNYHEMXGLITINGAS
SFS.UI.MultiCycleUI	SFS.UI.JIWUWWKMPAGCVCFG
SFS.UI.NewElement	SFS.UI.WDRDPDGSDCWVYULM
SFS.UI.NewElement+Cached`1	SFS.UI.WDRDPDGSDCWVYULM+FPGOHGJEBCL
SFS.UI.NewElementBuilder`1	BBNLAMGOJCF
SFS.UI.NewPadding	SFS.UI.DREXGUMGAIQVIYBG
SFS.UI.NewSizeSyncGroup	SFS.UI.HMSLQUPSHXEXHMZC
SFS.UI.NewSizeSyncGroup+<>c	SFS.UI.HMSLQUPSHXEXHMZC+<>c
SFS.UI.OptionsMenuDrawer	SFS.UI.FXITNUYKIJXKKJNT
SFS.UI.OptionsMenuDrawer+<>c__DisplayClass13_0	SFS.UI.FXITNUYKIJXKKJNT+FGGGHGIJJJG
SFS.UI.ProductThumbnail	SFS.UI.DZQNONEERJOMPAXK
SFS.UI.Quicksave_Saving	CLBFIEFKPDN
SFS.UI.Quicksave_Saving+<>c	CLBFIEFKPDN+<>c
SFS.UI.Quicksave_Saving+<>c__DisplayClass10_0	CLBFIEFKPDN+AGCPKNGCMGB
SFS.UI.Quicksave_Saving+<>c__DisplayClass10_1	CLBFIEFKPDN+EJGKBCCHEKG
SFS.UI.Quicksave_Saving+<>c__DisplayClass11_0	CLBFIEFKPDN+LDCEGFPKIPE
SFS.UI.RadioButton	SFS.UI.YHFYTMXYBMUULOOD
SFS.UI.RadioGroup	SFS.UI.CGWQNUVMQUTTONUP
SFS.UI.Raycastable	SFS.UI.OGFZIOJHMIBJJEKU
SFS.UI.ReadMenu	SFS.UI.QIDSIHKZOJIQFOAF
SFS.UI.ReadMenu+<>c__DisplayClass12_0	SFS.UI.QIDSIHKZOJIQFOAF+KPHLGKBBNHK
SFS.UI.ReadMenu+<>c__DisplayClass18_0	SFS.UI.QIDSIHKZOJIQFOAF+JPMKPJFNJIE
SFS.UI.ReadMenu+<>c__DisplayClass8_0	SFS.UI.QIDSIHKZOJIQFOAF+BPNHJALONHJ
SFS.UI.ReadMenu+<>c__DisplayClass9_0	SFS.UI.QIDSIHKZOJIQFOAF+LBPLGBHEAFG
SFS.UI.ReadTextContainer	SFS.UI.IZSTAHHQVRINMWTX
SFS.UI.Rect_Utility	FIMDJOEFFAN
SFS.UI.RelativeSizeFitter	SFS.UI.ORTYTPAGPLXITQXH
SFS.UI.RelativeSizeFitter+<>c	SFS.UI.ORTYTPAGPLXITQXH+<>c
SFS.UI.RelativeSizeFitter+Reference	SFS.UI.ORTYTPAGPLXITQXH+Reference
SFS.UI.ReorderingGroup	SFS.UI.DNMVEXFBTERYACUB
SFS.UI.ReorderingModule	SFS.UI.LFDMFZGUIKRTPWAZ
SFS.UI.ReorderingModule+<Drag>d__9	SFS.UI.LFDMFZGUIKRTPWAZ+EOPICMAHBPD
SFS.UI.ResourceBar	SFS.UI.YRDWIXVBBPOBIUOW
SFS.UI.Rubberbanding	DFFMFMIKGAE
SFS.UI.ScaleTextToFit	SFS.UI.OZNXSORIHEFMJJYI
SFS.UI.ScreenTracker	SFS.UI.SDKMRWEYAQDCWPFX
SFS.UI.ScrollElement	SFS.UI.ADHTESAQVDPONAGS
SFS.UI.ScrollElement+<>c__DisplayClass26_0	SFS.UI.ADHTESAQVDPONAGS+FNOPEBPBILP
SFS.UI.ScrollElement+ClampType	SFS.UI.ADHTESAQVDPONAGS+NNOMHDPCFMA
SFS.UI.SettingsMenuSizer	SFS.UI.JJRTCZZXQEGSJAOW
SFS.UI.ShopManager	SFS.UI.DZNEGWLOLUVUGFUB
SFS.UI.ShopManager+BuyButton	SFS.UI.DZNEGWLOLUVUGFUB+BuyButton
SFS.UI.ShopManagerMac	SFS.UI.FRYHFPGHUSYHDHPJ
SFS.UI.SizeMode	HBMNCJCEDHM
SFS.UI.SizeSyncGroup	SFS.UI.UDRNLTEUDCBFWOEJ
SFS.UI.SizeSyncGroup+<>c	SFS.UI.UDRNLTEUDCBFWOEJ+<>c
SFS.UI.SizeSyncerBuilder	IDCJADIGNGA
SFS.UI.SizeSyncerBuilder+Carrier	IDCJADIGNGA+MLEICMEMDMJ
SFS.UI.SkipUI	SFS.UI.QFGOPGJXDHCIKEFR
SFS.UI.SliderText	SFS.UI.NOUSNNVFISCGDJGR
SFS.UI.TextAdapter	SFS.UI.NAWTSUQBGIGMKXFF
SFS.UI.TextBoxAdapter	SFS.UI.LNMPZSPDYIKRIJRM
SFS.UI.TextBuilder	NECIMDILADN
SFS.UI.TextInputElement	SFS.UI.LJFPUGGSSUJOJVXZ
SFS.UI.TextInputMenu	SFS.UI.HYEYDEDYSOUTIFNJ
SFS.UI.TextInputMenu+<>c__DisplayClass14_0	SFS.UI.HYEYDEDYSOUTIFNJ+PMLLCDFFKOP
SFS.UI.ToggleButton	SFS.UI.PMSEAPFOQGVTWLEF
SFS.UI.TutorialsMenu	SFS.UI.AKKJAROURWNNHFON
SFS.UI.TutorialsMenu+<>c__DisplayClass4_0	SFS.UI.AKKJAROURWNNHFON+GPKKOJJHMAN
SFS.UI.TutorialsMenu+Tutorial	SFS.UI.AKKJAROURWNNHFON+Tutorial
SFS.UI.UIUpdater	SFS.UI.FWZLEESCTMCEQUQW
SFS.UI.UI_Raycaster	JBJJIHMNMHH
SFS.UI.VerticalLayout	SFS.UI.XFYTAQFPRVMIEJBX
SFS.UI.VerticalLayout+<>c	SFS.UI.XFYTAQFPRVMIEJBX+<>c
SFS.UI.WorldElement	SFS.UI.VBRLQVYHQNKWGVVR
SFS.UI.WorldsMenu	SFS.UI.SRQTIFNAGSERZRHR
SFS.UI.WorldsMenu+<>c	SFS.UI.SRQTIFNAGSERZRHR+<>c
SFS.UI.WorldsMenu+<>c__DisplayClass13_0	SFS.UI.SRQTIFNAGSERZRHR+AABFDJBKIID
SFS.UI.WorldsMenu+<>c__DisplayClass18_0	SFS.UI.SRQTIFNAGSERZRHR+ECMMLCHGJNB
SFS.UV_Utility	NDGLIGFJOKD
SFS.Utilities.GZipUtility	JOHKCNKFDKD
SFS.Utilities.WorldAddress	GDHOMFODMDP
SFS.Utilities.WorldAddress+<>c__DisplayClass1_0	GDHOMFODMDP+KOIJBMGHGBF
SFS.Utilities.WorldAddress+<>c__DisplayClass3_0	GDHOMFODMDP+COIFNBADIBG
SFS.Utilities.WorldAddress+<>c__DisplayClass4_0	GDHOMFODMDP+MIOBKCCNNCE
SFS.Variables.I_ObservableMonoBehaviour	LNMGMNEMACE
SFS.Variables.VariableList`1+IVariable	SFS.Variables.VariableList`1+IEEODJHMLEM
SFS.Variables.VariableList`1+Variable	SFS.Variables.VariableList`1+IBJOKABNMNO
SFS.VideoSettings	SFS.OPWFFZZVIKUQZEVR
SFS.VideoSettings+<>c	SFS.OPWFFZZVIKUQZEVR+<>c
SFS.VideoSettings+<>c__DisplayClass30_0	SFS.OPWFFZZVIKUQZEVR+LINPLACJMBK
SFS.VideoSettings+Data	SFS.OPWFFZZVIKUQZEVR+Data
SFS.VideoSettingsComponent	SFS.KWLOGIDTJARPVPIH
SFS.VideoSettingsPC	SFS.RRIFSMSWSTEJMMSW
SFS.VideoSettingsPC+<>c__DisplayClass23_0	SFS.RRIFSMSWSTEJMMSW+BNIOLIJLNMF
SFS.VideoSettingsPC+Data	SFS.RRIFSMSWSTEJMMSW+Data
SFS.World.AeroDrawer	SFS.World.TDLHYBGMRAHUWSQC
SFS.World.AeroDrawer+<>c	SFS.World.TDLHYBGMRAHUWSQC+<>c
SFS.World.AngleInfo	DALOIJPCANM
SFS.World.Arrowkeys	SFS.World.YROIFIVMKPZIPMVS
SFS.World.ArrowkeysDrawer	SFS.World.FDSRFOVMOSYWOPPK
SFS.World.AstronautManager	SFS.World.PKYQIRRVWXQLCWAE
SFS.World.Astronaut_EVA	SFS.World.HAJMCTBTXAHCAPGZ
SFS.World.Astronaut_EVA+<DeathAnimation>d__46	SFS.World.HAJMCTBTXAHCAPGZ+PFJJAJGIONB
SFS.World.Atmosphere	SFS.World.ODLFAQEGZBQRSJSD
SFS.World.CrewModule	SFS.World.SEMYDBJOXKAYZVRZ
SFS.World.CrewModule+<>c	SFS.World.SEMYDBJOXKAYZVRZ+<>c
SFS.World.CrewModule+<>c__DisplayClass19_0	SFS.World.SEMYDBJOXKAYZVRZ+CCIFHGCLDAD
SFS.World.CrewModule+<>c__DisplayClass20_0	SFS.World.SEMYDBJOXKAYZVRZ+BPAOEHMCIOD
SFS.World.CrewModule+<>c__DisplayClass21_0	SFS.World.SEMYDBJOXKAYZVRZ+DNMOAPHPEJK
SFS.World.CrewModule+<>c__DisplayClass21_1	SFS.World.SEMYDBJOXKAYZVRZ+FLGHKHMAAGE
SFS.World.CrewModule+Seat	SFS.World.SEMYDBJOXKAYZVRZ+Seat
SFS.World.DestructionReason	GGEJEKKKJDN
SFS.World.Drag.AeroModule	SFS.World.Drag.BQKECEFXKZYTTPVF
SFS.World.Drag.AeroModule+<>c__DisplayClass16_0	SFS.World.Drag.BQKECEFXKZYTTPVF+CCFBEFPEHBC
SFS.World.Drag.AeroModule+<>c__DisplayClass16_1	SFS.World.Drag.BQKECEFXKZYTTPVF+OCCIHAMLCGH
SFS.World.Drag.AeroModule+<>c__DisplayClass16_2	SFS.World.Drag.BQKECEFXKZYTTPVF+POOHBPEDAIM
SFS.World.Drag.AeroModule+<>c__DisplayClass19_0	SFS.World.Drag.BQKECEFXKZYTTPVF+DALNFMKGILF
SFS.World.Drag.Aero_Astronaut	SFS.World.Drag.CYWGIFIOBXPEPRWV
SFS.World.Drag.Aero_Astronaut+<>c__DisplayClass5_0	SFS.World.Drag.CYWGIFIOBXPEPRWV+CFLCPNEEKEM
SFS.World.Drag.Aero_Rocket	SFS.World.Drag.YAWTZSUWSGFEHTFO
SFS.World.Drag.Aero_Rocket+<>c__DisplayClass5_0	SFS.World.Drag.YAWTZSUWSGFEHTFO+ACJKPCKKLDK
SFS.World.Drag.Aero_Rocket+<>c__DisplayClass5_1	SFS.World.Drag.YAWTZSUWSGFEHTFO+NIKHMAJDIDM
SFS.World.Drag.HeatManager	SFS.World.Drag.XKVFRHWLUXGOBHZX
SFS.World.Drag.HeatManager+<>c__DisplayClass6_0	SFS.World.Drag.XKVFRHWLUXGOBHZX+HBBLPEIKMPC
SFS.World.Drag.HeatModuleBase	SFS.World.Drag.LBGQYZLOLCKOPNLW
SFS.World.Drag.HeatTolerance	AJFDLHMAKDH
SFS.World.Drag.Surface	INMMJHHKNJC
SFS.World.Drag.Valid	BOEHCOLLPBJ
SFS.World.Drag.Water_Rocket	SFS.World.Drag.QGNFIAEOANYOJYYP
SFS.World.Drag.Water_Rocket+<>c	SFS.World.Drag.QGNFIAEOANYOJYYP+<>c
SFS.World.Drag.Water_Rocket+<>c__DisplayClass2_0	SFS.World.Drag.QGNFIAEOANYOJYYP+GLDAFHAJPGF
SFS.World.Drag.Water_Rocket+<>c__DisplayClass2_1	SFS.World.Drag.QGNFIAEOANYOJYYP+DHMBOBDJBKF
SFS.World.Drag.Water_Rocket+<>c__DisplayClass2_2	SFS.World.Drag.QGNFIAEOANYOJYYP+NFAPIDLAHIB
SFS.World.Drag.Water_Rocket+<>c__DisplayClass2_3	SFS.World.Drag.QGNFIAEOANYOJYYP+KCHKCJCDFIK
SFS.World.EVA_Resources	SFS.World.DWAADLRXVZZSJNZX
SFS.World.EffectManager	SFS.World.JRSEEVVLGJUKABZR
SFS.World.EffectManager+<>c__DisplayClass11_0	SFS.World.JRSEEVVLGJUKABZR+PDPLMDCFNKE
SFS.World.EffectManager+<>c__DisplayClass11_0+<<EffectLifecycle>g__Coroutine|0>d	SFS.World.JRSEEVVLGJUKABZR+PDPLMDCFNKE+<<EffectLifecycle>g__Coroutine|0>d
SFS.World.EffectManager+Effect	SFS.World.JRSEEVVLGJUKABZR+DLMCKNKCMFH
SFS.World.ElementDrawer	SFS.World.IPXACWHQZXQWHVGS
SFS.World.ElementDrawer+Element	SFS.World.IPXACWHQZXQWHVGS+Element
SFS.World.ElementDrawer+TextElement	SFS.World.IPXACWHQZXQWHVGS+TextElement
SFS.World.EndMissionMenu	SFS.World.YDWCONPQTEXMIHBM
SFS.World.EndMissionMenu+<>c	SFS.World.YDWCONPQTEXMIHBM+<>c
SFS.World.EndMissionMenu+<>c__DisplayClass18_0	SFS.World.YDWCONPQTEXMIHBM+MBGFMHCJIEM
SFS.World.EndMissionMenu+<>c__DisplayClass18_1	SFS.World.YDWCONPQTEXMIHBM+IFDMPCMEPDA
SFS.World.EndMissionMenu+<>c__DisplayClass22_0	SFS.World.YDWCONPQTEXMIHBM+AOGJCMMJMCN
SFS.World.EndMissionMenu+<>c__DisplayClass23_0	SFS.World.YDWCONPQTEXMIHBM+AEKPIOCMCFN
SFS.World.EndMissionMenu+<>c__DisplayClass38_0	SFS.World.YDWCONPQTEXMIHBM+HPCNMLHAMKG
SFS.World.EndMissionMenu+<>c__DisplayClass38_1	SFS.World.YDWCONPQTEXMIHBM+PGPEONGHFLD
SFS.World.EndMissionMenu+<>c__DisplayClass39_0	SFS.World.YDWCONPQTEXMIHBM+EGAPFFMLLHA
SFS.World.Flag	SFS.World.UMORHYANTRJORPGH
SFS.World.Flag+<AnimateFoldout>d__13	SFS.World.UMORHYANTRJORPGH+DIMLEOIOFBG
SFS.World.FlightInfoDrawer	SFS.World.IGKKDBSRENSEAMGG
SFS.World.FlightInfoDrawer+<>c	SFS.World.IGKKDBSRENSEAMGG+<>c
SFS.World.FrontClouds	SFS.World.XQFXEUMOHEIAVMFG
SFS.World.FuelTransferLine	SFS.World.NRUKJEDMANPVSEZT
SFS.World.FuelTransferUI	SFS.World.LVBGVVYBDJLMKZIR
SFS.World.GameCamerasManager	SFS.World.JNMGBLOQBCYROONH
SFS.World.GameManager	SFS.World.BSMSMHDJHLDCCEWB
SFS.World.GameManager+<>c	SFS.World.BSMSMHDJHLDCCEWB+<>c
SFS.World.GameManager+<>c__DisplayClass16_0	SFS.World.BSMSMHDJHLDCCEWB+ECGECJCPKIN
SFS.World.GameManager+<>c__DisplayClass17_0	SFS.World.BSMSMHDJHLDCCEWB+LBMHBBHGNLL
SFS.World.GameManager+<>c__DisplayClass26_0	SFS.World.BSMSMHDJHLDCCEWB+NGDDELCJMKM
SFS.World.GameMenuLayout_Mobile	SFS.World.EYOCBJXZMINJMQXO
SFS.World.GameMenus	SFS.World.HBMZCUZQFGSQZCYZ
SFS.World.GameSelector	SFS.World.FFYWYJRSYHMQUFHL
SFS.World.GameSelector+<>c__DisplayClass17_0	SFS.World.FFYWYJRSYHMQUFHL+MIGABLKEKHI
SFS.World.GameSelector+<>c__DisplayClass22_0	SFS.World.FFYWYJRSYHMQUFHL+ECKENFDHEIL
SFS.World.GameSelector+Selectable_Local	SFS.World.FFYWYJRSYHMQUFHL+Selectable_Local
SFS.World.I_Path	OJDCNHKFCGD
SFS.World.I_Physics	KKJJNNCIIDH
SFS.World.JointGroup+<>c__DisplayClass4_0	SFS.World.JointGroup+CCBJMNHNAFI
SFS.World.JointGroup+<>c__DisplayClass5_0	SFS.World.JointGroup+EKIKNNOOMNG
SFS.World.Legacy.LegacyConverter	BAJPGFALBBC
SFS.World.Legacy.LegacyConverter+<>c	BAJPGFALBBC+<>c
SFS.World.LocationDrawer	SFS.World.KGAVONEFOUVGEKYA
SFS.World.MapPlayer	SFS.World.IWHFSDLPXRPNKOZH
SFS.World.Maps.Landmark	SFS.World.Maps.WITIDTIMNITUALOF
SFS.World.Maps.Landmark+<>c__DisplayClass6_0	SFS.World.Maps.WITIDTIMNITUALOF+CBHNLHIKMIC
SFS.World.Maps.LineDrawer	SFS.World.Maps.IUICOFAKJQWBWXKD
SFS.World.Maps.Maneuver	GMFMNLGIMJP
SFS.World.Maps.ManeuverTree	MFIPGOCIMMI
SFS.World.Maps.Map	SFS.World.Maps.WBMVUJGULTWGDVBN
SFS.World.Maps.MapAstronaut	SFS.World.Maps.XBSEATOTHMIXIKDZ
SFS.World.Maps.MapDrawer	SFS.World.Maps.ZFOPHPFUYYSBHOCQ
SFS.World.Maps.MapEnvironment	SFS.World.Maps.BMAUCCSTVIXTOWAQ
SFS.World.Maps.MapEnvironment+<>c__DisplayClass6_0	SFS.World.Maps.BMAUCCSTVIXTOWAQ+BKAGOHBJDNP
SFS.World.Maps.MapFlag	SFS.World.Maps.DTTTAKZFKMJGACPN
SFS.World.Maps.MapFlag+<>c	SFS.World.Maps.DTTTAKZFKMJGACPN+<>c
SFS.World.Maps.MapIcon	SFS.World.Maps.TFQAKXOHRZIGJMDF
SFS.World.Maps.MapManager	SFS.World.Maps.CFUAVJQCIKDSJTVF
SFS.World.Maps.MapManager+<>c	SFS.World.Maps.CFUAVJQCIKDSJTVF+<>c
SFS.World.Maps.MapManager+<>c__DisplayClass13_0	SFS.World.Maps.CFUAVJQCIKDSJTVF+HOPEFNCNDJO
SFS.World.Maps.MapManager+<>c__DisplayClass14_0	SFS.World.Maps.CFUAVJQCIKDSJTVF+HDNDBHOFDFC
SFS.World.Maps.MapManager+<>c__DisplayClass14_1	SFS.World.Maps.CFUAVJQCIKDSJTVF+OBCGFDOCJCM
SFS.World.Maps.MapManager+<>c__DisplayClass8_0	SFS.World.Maps.CFUAVJQCIKDSJTVF+ANFMLJMGPAB
SFS.World.Maps.MapNavigation	SFS.World.Maps.RXDTWYGFZFDANDBJ
SFS.World.Maps.MapNavigation+<>c__DisplayClass12_0	SFS.World.Maps.RXDTWYGFZFDANDBJ+MHDJJCELCEM
SFS.World.Maps.MapPlanet	SFS.World.Maps.UJAHJJKRDLTUODRM
SFS.World.Maps.MapPlanet+<>c	SFS.World.Maps.UJAHJJKRDLTUODRM+<>c
SFS.World.Maps.MapRocket	SFS.World.Maps.MLXQHJRRCYGHVDPE
SFS.World.Maps.MapView	SFS.World.Maps.AJVBCYJRXYHMHTNG
SFS.World.Maps.MapView+<>c	SFS.World.Maps.AJVBCYJRXYHMHTNG+<>c
SFS.World.Maps.MapView+<TransitionView>d__21	SFS.World.Maps.AJVBCYJRXYHMHTNG+DKHKNGEBAPO
SFS.World.Maps.MapView+MapObject_Local	SFS.World.Maps.AJVBCYJRXYHMHTNG+MapObject_Local
SFS.World.Maps.MapView+View	SFS.World.Maps.AJVBCYJRXYHMHTNG+View
SFS.World.Maps.TimewarpTo	SFS.World.Maps.TSXCEJQQTUIAXFEV
SFS.World.Maps.TimewarpTo+<>c__DisplayClass13_0	SFS.World.Maps.TSXCEJQQTUIAXFEV+KHGPEJNMODK
SFS.World.Maps.TimewarpTo+I_Warp	SFS.World.Maps.TSXCEJQQTUIAXFEV+AOEJMAHNLBE
SFS.World.Maps.TimewarpTo+Select	SFS.World.Maps.TSXCEJQQTUIAXFEV+AJOCNLNHFIH
SFS.World.Maps.TimewarpTo+Select_Point	SFS.World.Maps.TSXCEJQQTUIAXFEV+GFMCGBGLDED
SFS.World.Maps.TimewarpTo+Select_TransferWindow	SFS.World.Maps.TSXCEJQQTUIAXFEV+MBKFOIEMGAG
SFS.World.Maps.TimewarpTo+Warp_Point	SFS.World.Maps.TSXCEJQQTUIAXFEV+CKBMIOJDILJ
SFS.World.Maps.TimewarpTo+Warp_TransferWindow	SFS.World.Maps.TSXCEJQQTUIAXFEV+FBFOPBLNMGP
SFS.World.Maps.TrajectoryDrawer	DCDNFFGFAKI
SFS.World.PathType	ONFCMNDDKFM
SFS.World.Physics	SFS.World.MNUGNQKRKEUXOBKY
SFS.World.PlanetModules.HeightMap+<>c__DisplayClass3_0	SFS.World.PlanetModules.HeightMap+OPIELMFEDBJ
SFS.World.Player	SFS.World.DPDWKNNMITBLEFAJ
SFS.World.PlayerController	SFS.World.PTQXIIVDHTMQJTZJ
SFS.World.PlayerController+<>c	SFS.World.PTQXIIVDHTMQJTZJ+<>c
SFS.World.PlayerController+<>c__DisplayClass16_0	SFS.World.PTQXIIVDHTMQJTZJ+PKKMNHAPPDJ
SFS.World.PlayerController+<>c__DisplayClass20_0	SFS.World.PTQXIIVDHTMQJTZJ+FLCMFMKGOOG
SFS.World.PlayerController+ShakeEffect	SFS.World.PTQXIIVDHTMQJTZJ+LEEKNAKJLDI
SFS.World.ResourceDrawer	SFS.World.QBZJRLBUQNOUYDFI
SFS.World.ResourceDrawer+<>c	SFS.World.QBZJRLBUQNOUYDFI+<>c
SFS.World.ResourceDrawer+<>c__DisplayClass14_0	SFS.World.QBZJRLBUQNOUYDFI+KAOAENJPHGM
SFS.World.ResourceDrawer+<>c__DisplayClass19_0	SFS.World.QBZJRLBUQNOUYDFI+GIEIBCHNPPB
SFS.World.ResourceDrawer+<>c__DisplayClass19_1	SFS.World.QBZJRLBUQNOUYDFI+JAANNAMAPJO
SFS.World.ResourceDrawer+<>c__DisplayClass19_2	SFS.World.QBZJRLBUQNOUYDFI+ANCBPCNAIBC
SFS.World.ResourceDrawer+<>c__DisplayClass19_3	SFS.World.QBZJRLBUQNOUYDFI+BNCDDHDCNNB
SFS.World.ResourceDrawer+<>c__DisplayClass20_0	SFS.World.QBZJRLBUQNOUYDFI+FFOHDEPFAGF
SFS.World.ResourceDrawer+I_Resource	SFS.World.QBZJRLBUQNOUYDFI+JOONLFHHMNL
SFS.World.Resources	SFS.World.YLKFNDIHMIYGYUIX
SFS.World.Resources+Transfer	SFS.World.YLKFNDIHMIYGYUIX+Transfer
SFS.World.Rings	SFS.World.WQLBGHWZHLTIBYWJ
SFS.World.RockSelector	SFS.World.PMTMSGVSSAHSOCYP
SFS.World.Rocket	SFS.World.MDTWBRCNTIPGNCUM
SFS.World.Rocket+<>c	SFS.World.MDTWBRCNTIPGNCUM+<>c
SFS.World.Rocket+<>c__DisplayClass30_0	SFS.World.MDTWBRCNTIPGNCUM+MLLGOONDDDN
SFS.World.Rocket+<>c__DisplayClass36_0	SFS.World.MDTWBRCNTIPGNCUM+BBKIOKCJICO
SFS.World.Rocket+<>c__DisplayClass84_0	SFS.World.MDTWBRCNTIPGNCUM+JEBNDFIBIOA
SFS.World.Rocket+INJ_DirectionalAxis	SFS.World.MDTWBRCNTIPGNCUM+NDIBKBAEAAJ
SFS.World.Rocket+INJ_HasControl	SFS.World.MDTWBRCNTIPGNCUM+IAPOOKMMBGK
SFS.World.Rocket+INJ_IsPlayer	SFS.World.MDTWBRCNTIPGNCUM+BDDFHOEHLDL
SFS.World.Rocket+INJ_Location	SFS.World.MDTWBRCNTIPGNCUM+FEIFAIGBEFD
SFS.World.Rocket+INJ_Physics	SFS.World.MDTWBRCNTIPGNCUM+DINKHLMGKPN
SFS.World.Rocket+INJ_Rocket	SFS.World.MDTWBRCNTIPGNCUM+ALDKMFMINPB
SFS.World.Rocket+INJ_Throttle	SFS.World.MDTWBRCNTIPGNCUM+FLJCPLBFNBH
SFS.World.Rocket+INJ_ThrottleOn	SFS.World.MDTWBRCNTIPGNCUM+CJKLDMNIEJD
SFS.World.Rocket+INJ_TurnAxisTorque	SFS.World.MDTWBRCNTIPGNCUM+BGAHBMGJKFO
SFS.World.Rocket+INJ_TurnAxisWheels	SFS.World.MDTWBRCNTIPGNCUM+HNNCBFPEDFI
SFS.World.RocketManager	SFS.World.ERYSSTEFLXUYSVSE
SFS.World.RocketManager+<>c	SFS.World.ERYSSTEFLXUYSVSE+<>c
SFS.World.RocketManager+<>c__DisplayClass10_0	SFS.World.ERYSSTEFLXUYSVSE+BHFJKDHMJCH
SFS.World.RocketManager+<>c__DisplayClass6_0	SFS.World.ERYSSTEFLXUYSVSE+NHHLOKKKGLB
SFS.World.RocketManager+<>c__DisplayClass6_1	SFS.World.ERYSSTEFLXUYSVSE+DDCHKDBNBEE
SFS.World.RocketManager+<>c__DisplayClass7_0	SFS.World.ERYSSTEFLXUYSVSE+KAPDJPFMBND
SFS.World.RocketManager+<>c__DisplayClass9_0	SFS.World.ERYSSTEFLXUYSVSE+INJDLDLIEAL
SFS.World.SandboxSettings	SFS.World.KVOWTOUMSZRVOBWJ
SFS.World.SandboxSettings+<>c	SFS.World.KVOWTOUMSZRVOBWJ+<>c
SFS.World.SandboxSettings+Data	SFS.World.KVOWTOUMSZRVOBWJ+Data
SFS.World.SelectableObject	SFS.World.CKAUAXYAELQLQBKA
SFS.World.SpaceCenter	SFS.World.SMDUFOBPHGBWXNWM
SFS.World.SpaceCenter+Building	SFS.World.SMDUFOBPHGBWXNWM+Building
SFS.World.StageSave+<>c__DisplayClass2_0	SFS.World.StageSave+MGCMHKIJAJH
SFS.World.StageUI	SFS.World.XBQXOREJEEKJACIF
SFS.World.Staging	SFS.World.QODTVHYUSUTQBJDL
SFS.World.Staging+<>c__DisplayClass13_0	SFS.World.QODTVHYUSUTQBJDL+FLFEKEOKMBI
SFS.World.Staging+<>c__DisplayClass14_0	SFS.World.QODTVHYUSUTQBJDL+HNMNFPMLHIE
SFS.World.StagingDrawer	SFS.World.TDIPEGFJCEXJRDKO
SFS.World.StagingDrawer+<>c	SFS.World.TDIPEGFJCEXJRDKO+<>c
SFS.World.StagingDrawer+<>c__DisplayClass28_0	SFS.World.TDIPEGFJCEXJRDKO+GIONJKFINBH
SFS.World.StagingDrawer+<>c__DisplayClass29_0	SFS.World.TDIPEGFJCEXJRDKO+FEJFNNELJIC
SFS.World.StagingDrawer+<>c__DisplayClass50_0	SFS.World.TDIPEGFJCEXJRDKO+HBFIDGPHNNP
SFS.World.StagingDrawer+<>c__DisplayClass51_0	SFS.World.TDIPEGFJCEXJRDKO+KFMCFKFIGPO
SFS.World.State	POHECHPLLHN
SFS.World.StaticWorldObject	SFS.World.VHOYQCZUGGUIAGKF
SFS.World.TeleportMenu	SFS.World.ECVTNYZOANVWKPTT
SFS.World.TeleportMenu+<>c	SFS.World.ECVTNYZOANVWKPTT+<>c
SFS.World.TeleportMenu+<>c__DisplayClass30_0	SFS.World.ECVTNYZOANVWKPTT+GFIDLEEPHJM
SFS.World.TeleportMenu+<>c__DisplayClass31_0	SFS.World.ECVTNYZOANVWKPTT+GFIDLEEPHJM
SFS.World.TeleportMenu+<>c__DisplayClass37_0	SFS.World.ECVTNYZOANVWKPTT+OKCPNAJLMNP
SFS.World.TeleportMenu+<>c__DisplayClass38_0	SFS.World.ECVTNYZOANVWKPTT+OKCPNAJLMNP
SFS.World.TeleportMenu+<>c__DisplayClass39_0	SFS.World.ECVTNYZOANVWKPTT+FLAOOJPKCAL
SFS.World.TeleportMenu+<>c__DisplayClass40_0	SFS.World.ECVTNYZOANVWKPTT+FLAOOJPKCAL
SFS.World.TeleportMenu+Mode	SFS.World.ECVTNYZOANVWKPTT+MPDEODCBOOI
SFS.World.Terrain.Chunk+TerrainPoints	SFS.World.Terrain.Chunk+ECMPLFEMHAP
SFS.World.Terrain.DynamicTerrain	SFS.World.Terrain.DCBELDPDIIGDHYFJ
SFS.World.Terrain.DynamicTerrain+DynamicChunk	SFS.World.Terrain.DCBELDPDIIGDHYFJ+DynamicChunk
SFS.World.Terrain.DynamicTerrain+DynamicChunk+<>c	SFS.World.Terrain.DCBELDPDIIGDHYFJ+DynamicChunk+<>c
SFS.World.Terrain.DynamicTerrain+DynamicChunk+<>c__DisplayClass12_0	SFS.World.Terrain.DCBELDPDIIGDHYFJ+DynamicChunk+OADDOOLGEKF
SFS.World.Terrain.TerrainColliderManager	SFS.World.Terrain.WJZNFMWPVLRWCEIA
SFS.World.Terrain.TerrainColliderManager+Chunk	SFS.World.Terrain.WJZNFMWPVLRWCEIA+Chunk
SFS.World.Terrain.TerrainColliderManager+Chunk+<>c	SFS.World.Terrain.WJZNFMWPVLRWCEIA+Chunk+<>c
SFS.World.Terrain.TerrainColliderModule	SFS.World.Terrain.MZALTCQFZNQEFBXW
SFS.World.Terrain.TerrainColliderModule+<>c__DisplayClass5_0	SFS.World.Terrain.MZALTCQFZNQEFBXW+OFLLJNKKMDJ
SFS.World.TerrainSampler	HDDJHJJNJGD
SFS.World.TerrainSampler+Compiler	HDDJHJJNJGD+DHPIKKJLLGD
SFS.World.TerrainSampler+Compiler+<>c__DisplayClass0_0	HDDJHJJNJGD+DHPIKKJLLGD+ADBOCAKFNEG
SFS.World.TerrainSampler+Compiler+<>c__DisplayClass1_0	HDDJHJJNJGD+DHPIKKJLLGD+OHJPPDHIGPM
SFS.World.TerrainSampler+Compiler+<>c__DisplayClass2_0	HDDJHJJNJGD+DHPIKKJLLGD+KDLKPAMHCLC
SFS.World.TerrainSampler+Compiler+<>c__DisplayClass3_0	HDDJHJJNJGD+DHPIKKJLLGD+GJNCMIFCFDB
SFS.World.TerrainSampler+Compiler+<>c__DisplayClass4_0	HDDJHJJNJGD+DHPIKKJLLGD+EJHPBNJDDND
SFS.World.TerrainSampler+Compiler+<>c__DisplayClass5_0	HDDJHJJNJGD+DHPIKKJLLGD+KJLDBGPIMIP
SFS.World.TerrainSampler+Compiler+<>c__DisplayClass6_0	HDDJHJJNJGD+DHPIKKJLLGD+BOECOEAGOAE
SFS.World.TerrainSampler+Executor	HDDJHJJNJGD+DPCKHHBGLNF
SFS.World.TerrainSampler+Executor+SampleCommand	HDDJHJJNJGD+DPCKHHBGLNF+IDPIIMNEGHK
SFS.World.TerrainSampler+TerrainSample	HDDJHJJNJGD+NCHDODJJPPM
SFS.World.Throttle	SFS.World.FGNINTQHAYYORSFA
SFS.World.ThrottleDrawer	SFS.World.GYQDBJWJYGGQFHCA
SFS.World.VelocityArrowDrawer	SFS.World.GORXZXKZNHQFHUPS
SFS.World.VelocityArrowDrawer+<>c	SFS.World.GORXZXKZNHQFHUPS+<>c
SFS.World.VelocityArrowDrawer+<>c__DisplayClass7_0	SFS.World.GORXZXKZNHQFHUPS+EHONPPCCOMM
SFS.World.VelocityArrowDrawer+<>c__DisplayClass7_1	SFS.World.GORXZXKZNHQFHUPS+PIKOFCLHOIG
SFS.World.VelocityArrowDrawer+Arrow	SFS.World.GORXZXKZNHQFHUPS+Arrow
SFS.World.WorldEffect	SFS.World.UTROBIHUMUJPYISK
SFS.World.WorldEnvironment	SFS.World.MLNNHRIQXCJCKSAI
SFS.World.WorldEnvironment+<>c	SFS.World.MLNNHRIQXCJCKSAI+<>c
SFS.World.WorldEnvironment+<>c__DisplayClass16_0	SFS.World.MLNNHRIQXCJCKSAI+KDKAKCIKNBC
SFS.World.WorldEnvironment+<>c__DisplayClass20_0	SFS.World.MLNNHRIQXCJCKSAI+EMGPLFDGFNE
SFS.World.WorldEnvironment+<>c__DisplayClass21_0	SFS.World.MLNNHRIQXCJCKSAI+LEGNPPBIEBG
SFS.World.WorldLoader	SFS.World.UOHRFRQOIXCKJYYN
SFS.World.WorldLocation	SFS.World.GHIRYDDEJYLWXMBB
SFS.World.WorldParticle	SFS.World.YBVVLVIZVESBGXEX
SFS.World.WorldParticle+<>c__DisplayClass11_0	SFS.World.YBVVLVIZVESBGXEX+NNLIPONONBK
SFS.World.WorldParticle+<>c__DisplayClass12_0	SFS.World.YBVVLVIZVESBGXEX+CGNCNCMJENO
SFS.World.WorldParticle+<>c__DisplayClass13_0	SFS.World.YBVVLVIZVESBGXEX+GEEKPLFMHKC
SFS.World.WorldSave+<>c__DisplayClass10_0	SFS.World.WorldSave+DAFMBNGHAEB
SFS.World.WorldSave+<>c__DisplayClass11_0	SFS.World.WorldSave+DCIMDGJCHHB
SFS.World.WorldSave+CareerState+UnlockType	SFS.World.WorldSave+CareerState+LOGAKBDPFLG
SFS.World.WorldSave+LocationData+LocationConverter	SFS.World.WorldSave+LocationData+GFMGIJKDHBO
SFS.World.WorldSmoke	SFS.World.ZMVSYOPCIWEYMDVV
SFS.World.WorldSmoke+Point	SFS.World.ZMVSYOPCIWEYMDVV+Point
SFS.World.WorldTime	SFS.World.OMZHLDBDOXLBFEXC
SFS.World.WorldTime+<>c	SFS.World.OMZHLDBDOXLBFEXC+<>c
SFS.World.WorldView	SFS.World.PTOMNBMDOMNWUDBV
SFS.WorldBase.Difficulty+DifficultyType	SFS.WorldBase.Difficulty+EEOFKADCGPB
SFS.WorldBase.Planet	SFS.WorldBase.BVJLBZMSXVRVRKLZ
SFS.WorldBase.Planet+<>c	SFS.WorldBase.BVJLBZMSXVRVRKLZ+<>c
SFS.WorldBase.PlanetLoader	SFS.WorldBase.MZJUVJHNUYAVIKBW
SFS.WorldBase.PlanetLoader+<>c__DisplayClass21_0	SFS.WorldBase.MZJUVJHNUYAVIKBW+LFKBLBMNMKC
SFS.WorldBase.PlanetLoader+<>c__DisplayClass22_0	SFS.WorldBase.MZJUVJHNUYAVIKBW+IOHNKICMHCJ
SFS.WorldBase.PlanetLoader+<>c__DisplayClass37_0	SFS.WorldBase.MZJUVJHNUYAVIKBW+IPKEKHIFEHM
SFS.WorldBase.PlanetLoader+<>c__DisplayClass38_0	SFS.WorldBase.MZJUVJHNUYAVIKBW+BMCHKDFLAHP
SFS.WorldBase.PlanetLoader_Static	KCECDNOFHBH
SFS.WorldBase.Revert	MNMMMAOAFIJ
SFS.WorldBase.SavingCache	SFS.WorldBase.IAHOXZNMNBHDYFBI
SFS.WorldBase.SavingCache+<>c	SFS.WorldBase.IAHOXZNMNBHDYFBI+<>c
SFS.WorldBase.SavingCache+<>c__DisplayClass11_0	SFS.WorldBase.IAHOXZNMNBHDYFBI+ADMCLLKMMBH
SFS.WorldBase.SavingCache+<>c__DisplayClass13_0	SFS.WorldBase.IAHOXZNMNBHDYFBI+NBFFPABLPCA
SFS.WorldBase.SavingCache+<>c__DisplayClass5_0	SFS.WorldBase.IAHOXZNMNBHDYFBI+IEFCGADOIPH
SFS.WorldBase.SavingCache+<>c__DisplayClass6_0	SFS.WorldBase.IAHOXZNMNBHDYFBI+DBBACDHBHCN
SFS.WorldBase.SavingCache+<>c__DisplayClass7_0	SFS.WorldBase.IAHOXZNMNBHDYFBI+DGJGGFAOHHD
SFS.WorldBase.SavingCache+Data`1	SFS.WorldBase.IAHOXZNMNBHDYFBI+DJFGHIHCMMO
SFS.WorldBase.WorldBaseManager	SFS.WorldBase.NXKOQGNBYNNFKSES
SFS.WorldBase.WorldBaseManager+<>c	SFS.WorldBase.NXKOQGNBYNNFKSES+<>c
SFS.WorldBase.WorldBaseManager+<>c__DisplayClass11_0	SFS.WorldBase.NXKOQGNBYNNFKSES+PENLLFBOGHD
SFS.WorldBase.WorldBaseManager+<>c__DisplayClass11_1	SFS.WorldBase.NXKOQGNBYNNFKSES+EPFHKAAEPNM
SafeArea	GGDXGJXBCTDGABCN
SafeArea+HorizontalMode	GGDXGJXBCTDGABCN+BJFCDEMFANG
SafeArea+VerticalMode	GGDXGJXBCTDGABCN+EFNPNJGMDMJ
SaleManager	KKGHGLFBMKBCXTYU
SalesSystem	MELDHIGURRIZFTUN
SaveLocationSettings	FVKESGPKCDSEJOHB
SerializeUtility	OBBCJAMPOJC
Singleton`1	AWWBOAXKLVTJDXIG`1
SizeAnimation	ZHFHIZUYNWAXDQZQ
StarGenerator	BAYCMCXIWARLWDMM
Stars	HHVWXUYCVZXLZHQM
Stars+Star	HHVWXUYCVZXLZHQM+EOHLFLOJEMG
StatsMenu	VTIVIURNRVBWGMBH
StatsMenu+<>c	VTIVIURNRVBWGMBH+<>c
StatsMenu+<>c__DisplayClass26_0	VTIVIURNRVBWGMBH+IDJFFIJNDEE
StatsMenu+<>c__DisplayClass27_0	VTIVIURNRVBWGMBH+LLFGMBNPJOL
StatsMenu+<>c__DisplayClass28_0	VTIVIURNRVBWGMBH+GEADHDOLHID
StatsMenu+<>c__DisplayClass29_0	VTIVIURNRVBWGMBH+JAKGDPPOJCF
StatsMenu+<>c__DisplayClass30_0	VTIVIURNRVBWGMBH+BKLNLJOIGDD
StatsMenu+<>c__DisplayClass31_0	VTIVIURNRVBWGMBH+NLCJEMMIEGE
StatsMenu+<>c__DisplayClass32_0	VTIVIURNRVBWGMBH+MDNNLKNFJLP
StatsMenu+<>c__DisplayClass33_0	VTIVIURNRVBWGMBH+NEOKADFJJJL
StatsMenu+<>c__DisplayClass34_0	VTIVIURNRVBWGMBH+CLNFAGBHCHC
StatsMenu+<>c__DisplayClass35_0	VTIVIURNRVBWGMBH+GGNEMAPLPNK
StatsMenu+<>c__DisplayClass36_0	VTIVIURNRVBWGMBH+NIMGJKCOMJM
StatsMenu+<>c__DisplayClass37_0	VTIVIURNRVBWGMBH+AMMBIHGHEPE
StatsMenu+<>c__DisplayClass38_0	VTIVIURNRVBWGMBH+LNHCHBMFLBO
StatsMenu+ElementData	VTIVIURNRVBWGMBH+AODJKJIMAMM
SteamManager	NBJKLYOUQIDBYQRT
TT_Base	HQWRFDETQKLUJJTR
TT_Base+<>c	HQWRFDETQKLUJJTR+<>c
TemperatureTest	GFBFMUGVZAEJLCOP
TemperatureTest+<>c	GFBFMUGVZAEJLCOP+<>c
TemperatureTest+<>c__DisplayClass2_0	GFBFMUGVZAEJLCOP+FOKAJOABELI
Text_Static	BKIMGFAPNIG
TextureUtility	EEDJILCHCON
TextureUtility+<GetRemoteTexture>d__0	EEDJILCHCON+GLGBGMDKNDF
TimeTracker	EDJXDTTVYXYJAIED
TimeTracker+<>c	EDJXDTTVYXYJAIED+<>c
TimeTracker+Data	EDJXDTTVYXYJAIED+Data
TransformExtensions	GHGGADFHMEA
TransformExtensions+<GetChildren>d__0	GHGGADFHMEA+KNOBHHFADIC
TransformExtensions+<GetChildrenReverse>d__1	GHGGADFHMEA+DNCDMNPJFBE
Transform_Utility	MBJPCPGEKAF
TranslucentImage.TranslucentImage	TranslucentImage.PSNYZIQKAOXNAGDX
TranslucentImage.TranslucentImageNode	TranslucentImage.KJYNXNKYCISJLHXY
TranslucentImage.TranslucentImageSource	TranslucentImage.LRNTPTZUOAODLDXX
UI.ScrollToButtonAttach	UI.JZTVCBBEMQVCIACQ
UV.Color_Channel	JGEJJPOPHKK
UV.StartEnd_Color	DEBGINDJFBA
UV.StartEnd_UV	OAKELFDBIAM
Units	DBOCODAEJMH
Units+<>c	DBOCODAEJMH+<>c
Utility	MFJEODKMHJE
VertexChain	EMONIICKIAN
_Game.Drawers.FuelTransferDrawer	_Game.Drawers.OMGFTQJWRDTQYHJY
_Game.Drawers.FuelTransferDrawer+<>c	_Game.Drawers.OMGFTQJWRDTQYHJY+<>c
_Game.GameMusic	_Game.GTVJKNEDTBBWTJZT
